<?xml version='1.0' encoding='UTF-8'?>
<!DOCTYPE sailpoint PUBLIC "sailpoint.dtd" "sailpoint.dtd">

<!-- (c) Copyright 2008 SailPoint Technologies, Inc., All Rights Reserved. -->

<sailpoint>

<Application connector="sailpoint.connector.SAPConnector" 
             featuresString="MANAGER_LOOKUP,DIRECT_PERMISSIONS" 
             name="SAP" type="SAP Connector">

  <Attributes>
    <Map>
      <entry key="password" value="password"/>
      <entry key="clientLanguage" value="EN"/>
      <entry key="user" value="DDIC4"/>
      <entry key="clientNumber" value="001"/>
      <entry key="host" value="seawolf.test.sailpoint.com"/>
      <entry key="systemID" value="00"/>

      <entry key="jco.destination.peak_limit" value="10"/>
      <entry key="jco.destination.pool_capacity" value="10"/>
      <entry key="jco.destination.expiration_time" value="900000"/>
      <entry key="jco.destination.expiration_check_period" value="60000"/>
      <entry key="jco.destination.max_get_client_time" value="60000"/>
    </Map>
  </Attributes>
  <Owner>
    <Reference class="sailpoint.object.Identity" name="spadmin"/>
  </Owner>
  <Schemas>
    <Schema displayAttribute="User Name" identityAttribute="User Name" nativeObjectType="User" 
            objectType="account" permissionsRemediationModificationType="None">
      <AttributeDefinition name="Academic Title" remediationModificationType="None" type="string">
        <Description></Description>
      </AttributeDefinition>
      <AttributeDefinition name="CLASS" remediationModificationType="None" type="string"/>
      <AttributeDefinition name="Academic Title 2" remediationModificationType="None" type="string">
        <Description></Description>
      </AttributeDefinition>
      <AttributeDefinition name="Addr Number" remediationModificationType="None" type="string">
        <Description></Description>
      </AttributeDefinition>
      <AttributeDefinition name="Alias" remediationModificationType="None" type="string">
        <Description></Description>
      </AttributeDefinition>
      <AttributeDefinition name="Birth Name" remediationModificationType="None" type="string">
        <Description></Description>
      </AttributeDefinition>
      <AttributeDefinition name="Building" remediationModificationType="None" type="string">
        <Description></Description>
      </AttributeDefinition>
      <AttributeDefinition name="Building 2" remediationModificationType="None" type="string">
        <Description></Description>
      </AttributeDefinition>
      <AttributeDefinition name="Building Long" remediationModificationType="None" type="string">
        <Description></Description>
      </AttributeDefinition>
      <AttributeDefinition name="Care of" remediationModificationType="None" type="string">
        <Description></Description>
      </AttributeDefinition>
      <AttributeDefinition name="Check Status" remediationModificationType="None" type="string">
        <Description></Description>
      </AttributeDefinition>
      <AttributeDefinition name="MODDATE" remediationModificationType="None" type="string">
        <Description></Description>
      </AttributeDefinition>
      <AttributeDefinition name="MODTIME" remediationModificationType="None" type="string">
        <Description></Description>
      </AttributeDefinition>
      <AttributeDefinition name="City" remediationModificationType="None" type="string">
        <Description></Description>
      </AttributeDefinition>
      <AttributeDefinition name="City Number" remediationModificationType="None" type="string">
        <Description></Description>
      </AttributeDefinition>
      <AttributeDefinition name="Code" remediationModificationType="None" type="string">
        <Description></Description>
      </AttributeDefinition>
      <AttributeDefinition name="Communication Language" remediationModificationType="None" type="string">
        <Description></Description>
      </AttributeDefinition>
      <AttributeDefinition name="Communication type" remediationModificationType="None" type="string">
        <Description></Description>
      </AttributeDefinition>
      <AttributeDefinition name="Company" remediationModificationType="None" type="string">
        <Description></Description>
      </AttributeDefinition>
      <AttributeDefinition name="Company Address" remediationModificationType="None" type="string">
        <Description></Description>
      </AttributeDefinition>
      <AttributeDefinition name="Company Address2" remediationModificationType="None" type="string">
        <Description></Description>
      </AttributeDefinition>
      <AttributeDefinition name="Company Address3" remediationModificationType="None" type="string">
        <Description></Description>
      </AttributeDefinition>
      <AttributeDefinition name="Company Address4" remediationModificationType="None" type="string">
        <Description></Description>
      </AttributeDefinition>
      <AttributeDefinition name="Country" remediationModificationType="None" type="string">
        <Description></Description>
      </AttributeDefinition>
      <AttributeDefinition name="Country ISO" remediationModificationType="None" type="string">
        <Description></Description>
      </AttributeDefinition>
      <AttributeDefinition name="Delivery District" remediationModificationType="None" type="string">
        <Description></Description>
      </AttributeDefinition>
      <AttributeDefinition name="Department" remediationModificationType="None" type="string">
        <Description></Description>
      </AttributeDefinition>
      <AttributeDefinition name="District" remediationModificationType="None" type="string">
        <Description></Description>
      </AttributeDefinition>
      <AttributeDefinition name="District Number" remediationModificationType="None" type="string">
        <Description></Description>
      </AttributeDefinition>
      <AttributeDefinition name="E-Mail" remediationModificationType="None" type="string">
        <Description></Description>
      </AttributeDefinition>
      <AttributeDefinition name="Employee Number" remediationModificationType="None" type="string">
        <Description></Description>
      </AttributeDefinition>
      <AttributeDefinition name="Fax" remediationModificationType="None" type="string">
        <Description></Description>
      </AttributeDefinition>
      <AttributeDefinition name="Fax Extension" remediationModificationType="None" type="string">
        <Description></Description>
      </AttributeDefinition>
      <AttributeDefinition name="First name" remediationModificationType="None" type="string">
        <Description></Description>
      </AttributeDefinition>
      <AttributeDefinition name="Floor" remediationModificationType="None" type="string">
        <Description></Description>
      </AttributeDefinition>
      <AttributeDefinition name="Floor 2" remediationModificationType="None" type="string">
        <Description></Description>
      </AttributeDefinition>
      <AttributeDefinition name="Format" remediationModificationType="None" type="string">
        <Description></Description>
      </AttributeDefinition>
      <AttributeDefinition name="FullName" type="string"/>
      <AttributeDefinition name="FullName2" remediationModificationType="None" type="string">
        <Description></Description>
      </AttributeDefinition>
      <AttributeDefinition name="Function" remediationModificationType="None" type="string">
        <Description></Description>
      </AttributeDefinition>
      <AttributeDefinition name="House Number 2" remediationModificationType="None" type="string">
        <Description></Description>
      </AttributeDefinition>
      <AttributeDefinition name="House Number" remediationModificationType="None" type="string">
        <Description></Description>
      </AttributeDefinition>
      <AttributeDefinition name="HouseNumber 3" remediationModificationType="None" type="string">
        <Description></Description>
      </AttributeDefinition>
      <AttributeDefinition name="Inhouse ML" remediationModificationType="None" type="string">
        <Description></Description>
      </AttributeDefinition>
      <AttributeDefinition name="Initials" remediationModificationType="None" type="string">
        <Description></Description>
      </AttributeDefinition>
      <AttributeDefinition name="Language CR P" remediationModificationType="None" type="string">
        <Description></Description>
      </AttributeDefinition>
      <AttributeDefinition name="Language ISO" remediationModificationType="None" type="string">
        <Description></Description>
      </AttributeDefinition>
      <AttributeDefinition name="Language UCP ISO" remediationModificationType="None" type="string">
        <Description></Description>
      </AttributeDefinition>
      <AttributeDefinition name="Language UP ISO" remediationModificationType="None" type="string">
        <Description></Description>
      </AttributeDefinition>
      <AttributeDefinition name="Last name" remediationModificationType="None" type="string">
        <Description></Description>
      </AttributeDefinition>
      <AttributeDefinition name="Location" remediationModificationType="None" type="string">
        <Description></Description>
      </AttributeDefinition>
      <AttributeDefinition name="Logon Language" remediationModificationType="None" type="string">
        <Description></Description>
      </AttributeDefinition>
      <AttributeDefinition name="Middle Name" remediationModificationType="None" type="string">
        <Description></Description>
      </AttributeDefinition>
      <AttributeDefinition name="Name Country" remediationModificationType="None" type="string">
        <Description></Description>
      </AttributeDefinition>
      <AttributeDefinition name="Nickname" remediationModificationType="None" type="string">
        <Description></Description>
      </AttributeDefinition>
      <AttributeDefinition name="Notes" remediationModificationType="None" type="string">
        <Description></Description>
      </AttributeDefinition>
      <AttributeDefinition name="Other City" remediationModificationType="None" type="string">
        <Description></Description>
      </AttributeDefinition>
      <AttributeDefinition name="Other City Number" remediationModificationType="None" type="string">
        <Description></Description>
      </AttributeDefinition>
      <AttributeDefinition name="PCODE 1 Ext" remediationModificationType="None" type="string">
        <Description></Description>
      </AttributeDefinition>
      <AttributeDefinition name="PCODE 2 Ext" remediationModificationType="None" type="string">
        <Description></Description>
      </AttributeDefinition>
      <AttributeDefinition name="PCODE 3 Ext" remediationModificationType="None" type="string">
        <Description></Description>
      </AttributeDefinition>
      <AttributeDefinition name="PO Box" remediationModificationType="None" type="string">
        <Description></Description>
      </AttributeDefinition>
      <AttributeDefinition name="PO Box City" remediationModificationType="None" type="string">
        <Description></Description>
      </AttributeDefinition>
      <AttributeDefinition name="PO Box City ISO" remediationModificationType="None" type="string">
        <Description></Description>
      </AttributeDefinition>
      <AttributeDefinition name="PO Box Country" remediationModificationType="None" type="string">
        <Description></Description>
      </AttributeDefinition>
      <AttributeDefinition name="PO Box Region" remediationModificationType="None" type="string">
        <Description></Description>
      </AttributeDefinition>
      <AttributeDefinition name="PO Box Without Number" remediationModificationType="None" type="string">
        <Description></Description>
      </AttributeDefinition>
      <AttributeDefinition name="Pboxcity Number" remediationModificationType="None" type="string">
        <Description></Description>
      </AttributeDefinition>
      <AttributeDefinition name="Postal Code" remediationModificationType="None" type="string">
        <Description></Description>
      </AttributeDefinition>
      <AttributeDefinition name="Postal Code2" remediationModificationType="None" type="string">
        <Description></Description>
      </AttributeDefinition>
      <AttributeDefinition name="Postal Code3" remediationModificationType="None" type="string">
        <Description></Description>
      </AttributeDefinition>
      <AttributeDefinition name="Prefix 1" remediationModificationType="None" type="string">
        <Description></Description>
      </AttributeDefinition>
      <AttributeDefinition name="Prefix 2" remediationModificationType="None" type="string">
        <Description></Description>
      </AttributeDefinition>
      <AttributeDefinition name="Region" remediationModificationType="None" type="string">
        <Description></Description>
      </AttributeDefinition>
      <AttributeDefinition name="Region Group" remediationModificationType="None" type="string">
        <Description></Description>
      </AttributeDefinition>
      <AttributeDefinition name="Room Number" remediationModificationType="None" type="string">
        <Description></Description>
      </AttributeDefinition>
      <AttributeDefinition name="Room Number 2" remediationModificationType="None" type="string">
        <Description></Description>
      </AttributeDefinition>
      <AttributeDefinition name="Searc Term2 P" remediationModificationType="None" type="string">
        <Description></Description>
      </AttributeDefinition>
      <AttributeDefinition name="Search Term P" remediationModificationType="None" type="string">
        <Description></Description>
      </AttributeDefinition>
      <AttributeDefinition name="Search Term1" remediationModificationType="None" type="string">
        <Description></Description>
      </AttributeDefinition>
      <AttributeDefinition name="Search Term2" remediationModificationType="None" type="string">
        <Description></Description>
      </AttributeDefinition>
      <AttributeDefinition name="Second Name" remediationModificationType="None" type="string">
        <Description></Description>
      </AttributeDefinition>
      <AttributeDefinition name="Street Abbreviation" remediationModificationType="None" type="string">
        <Description></Description>
      </AttributeDefinition>
      <AttributeDefinition name="Street Address" remediationModificationType="None" type="string">
        <Description></Description>
      </AttributeDefinition>
      <AttributeDefinition name="Street Address2" remediationModificationType="None" type="string">
        <Description></Description>
      </AttributeDefinition>
      <AttributeDefinition name="Street Address3" remediationModificationType="None" type="string">
        <Description></Description>
      </AttributeDefinition>
      <AttributeDefinition name="Street Address4" remediationModificationType="None" type="string">
        <Description></Description>
      </AttributeDefinition>
      <AttributeDefinition name="Street Number" remediationModificationType="None" type="string">
        <Description></Description>
      </AttributeDefinition>
      <AttributeDefinition name="Tax Jurisdiction Code" remediationModificationType="None" type="string">
        <Description></Description>
      </AttributeDefinition>
      <AttributeDefinition name="Telephone" remediationModificationType="None" type="string">
        <Description></Description>
      </AttributeDefinition>
      <AttributeDefinition name="Telephone Extension" remediationModificationType="None" type="string">
        <Description></Description>
      </AttributeDefinition>
      <AttributeDefinition name="TimeZone" remediationModificationType="None" type="string">
        <Description></Description>
      </AttributeDefinition>
      <AttributeDefinition name="Title" remediationModificationType="None" type="string">
        <Description></Description>
      </AttributeDefinition>
      <AttributeDefinition name="Title SPPL" remediationModificationType="None" type="string">
        <Description></Description>
      </AttributeDefinition>
      <AttributeDefinition name="Transportation Zone" remediationModificationType="None" type="string">
        <Description></Description>
      </AttributeDefinition>
      <AttributeDefinition name="User Name" remediationModificationType="None" type="string">
        <Description></Description>
      </AttributeDefinition>
      <AttributeDefinition name="User Title" remediationModificationType="None" type="string">
        <Description></Description>
      </AttributeDefinition>
      <AttributeDefinition name="User Type" remediationModificationType="None" type="string">
        <Description></Description>
      </AttributeDefinition>
      <AttributeDefinition name="User Valid From" remediationModificationType="None" type="string">
        <Description></Description>
      </AttributeDefinition>
      <AttributeDefinition name="User Valid TO" remediationModificationType="None" type="string">
        <Description></Description>
      </AttributeDefinition>
      <AttributeDefinition multi="true" entitlement="true" group="true" name="Roles" 
                           remediationModificationType="None" type="string">
        <Description></Description>
      </AttributeDefinition>
      <AttributeDefinition multi="true" entitlement='true' name="Profiles" remediationModificationType="None" type="string">
        <Description></Description>
      </AttributeDefinition>
      <AttributeDefinition multi="true" entitlement='true' name="User Groups" remediationModificationType="None" type="string">
        <Description></Description>
      </AttributeDefinition>
    </Schema>
    <Schema displayAttribute="Name" identityAttribute="Name" includePermissions="true" nativeObjectType="Role" 
            objectType="group" permissionsRemediationModificationType="None">
      <AttributeDefinition name="Name" remediationModificationType="None" type="string">
        <Description></Description>
      </AttributeDefinition>
      <AttributeDefinition name="Type" remediationModificationType="None" type="string">
        <Description></Description>
      </AttributeDefinition>
      <AttributeDefinition name="Description" remediationModificationType="None" type="string">
        <Description></Description>
      </AttributeDefinition>
      <AttributeDefinition multi="true" name="Child Roles" remediationModificationType="None" type="string">
        <Description></Description>
      </AttributeDefinition>
      <AttributeDefinition multi="true" name="indirectPermissions" remediationModificationType="None" type="permission">
        <Description></Description>
      </AttributeDefinition>
      <AttributeDefinition multi="true" name="Long Description" remediationModificationType="None" type="string">
        <Description></Description>
      </AttributeDefinition>
    </Schema>
  </Schemas>
  <Templates>
    <Template name="account">
      <Field displayName="User Name" name="User Name" required="true" type="string">
        <Description>SAP User Name</Description>
      </Field>
      <Field displayName="password" name="password" required="true" type="secret">
        <Description>SAP Password</Description>
      </Field>
      <Field displayName="First Name" name="First name" required="true" type="string">
        <Description>User's First Name</Description>
      </Field>
      <Field displayName="Last Name" name="Last name" required="true" type="string">
        <Description>User's Last Name</Description>
      </Field>
    </Template>
  </Templates>

</Application>

<TaskDefinition name="SAP Account Scan">
  <Parent>
    <Reference class='TaskDefinition' name='Account Aggregation'/>
  </Parent>
  <Attributes>
    <Map>
      <entry key="applications" value="SAP"/>
      <entry key="noManagerCorrelation" value="false"/>
      <entry key="correlateEntitlements" value="true"/>
      <entry key="managerCorrelation" value="false"/>
      <entry key="alwaysRefreshManager" value="false"/>
      <entry key="refreshManagerStatus" value="false"/>
    </Map>
  </Attributes>
</TaskDefinition>

<TaskDefinition name="SAP Account Group Scan" resultAction="Delete">
  <Attributes>
    <Map>
      <entry key="groupAttribute" value="Roles"/>
      <entry key="hierarchyAttribute" value="Child Roles"/>
      <entry key="applications" value="SAP"/>
    </Map>
  </Attributes>
  <Description></Description>
  <Parent>
    <Reference class="sailpoint.object.TaskDefinition" name="Account Group Aggregation"/>
  </Parent>
</TaskDefinition>


</sailpoint>
