<?xml version="1.0" encoding="UTF-8"?>
<MetamergeConfig IDIversion="Created by TDI7.0 - 2010-06-16" created="Mon Nov 01 14:33:53 CDT 2010" createdBy="dan.smith" modified="Mon Nov 01 14:33:53 CDT 2010" modifiedBy="dan.smith" version="7.0">
    <Folder name="AssemblyLines">
        <AssemblyLine name="SAP">
            <Settings>
                <parameter name="ALPoolSettingsDialog">showALPoolSettings</parameter>
                <parameter name="automapattributes">false</parameter>
                <parameter name="createTombstones">false</parameter>
                <parameter name="debug">false</parameter>
                <parameter name="findreturncount">10</parameter>
                <parameter name="includeGlobalPrologs">true</parameter>
                <parameter name="includePrologs"/>
                <parameter name="nullBehaviorDialog">showNullBehavior</parameter>
            </Settings>
            <Hooks>
                <Hook name="onfailure">
                    <Name>onfailure</Name>
                    <Script>onFailureHook();</Script>
                    <Enabled>true</Enabled>
                    <DebugBreak>false</DebugBreak>
                </Hook>
                <Hook name="onsuccess">
                    <Name>onsuccess</Name>
                    <Script>onSuccessHook();</Script>
                    <Enabled>true</Enabled>
                </Hook>
            </Hooks>
            <CheckpointConfig/>
            <SandboxConfig/>
            <SimulationConfig>
                <SimulationStates>
                    <Component name="IF create or modify" state="Enabled"/>
                    <Component name="Load SAP account" state="Enabled"/>
                    <Component name="applyAccountRequest" state="Enabled"/>
                    <Component name="IF account does not exist" state="Enabled"/>
                    <Component name="Create SAP account" state="Simulated"/>
                    <Component name="If account DOES exist" state="Enabled"/>
                    <Component name="Update SAP account" state="Simulated"/>
                    <Component name="ELSE IF delete" state="Enabled"/>
                    <Component name="Delete SAP account" state="Simulated"/>
                    <Component name="ELSE IF unlock" state="Enabled"/>
                    <Component name="Set User Unlocked" state="Enabled"/>
                    <Component name="Unlock SAP account" state="Simulated"/>
                    <Component name="ELSE unhandled operation" state="Enabled"/>
                    <Component name="unhandled operation" state="Enabled"/>
                </SimulationStates>
                <ProxySettings/>
            </SimulationConfig>
            <LogConfig>
                <Logger name="ConsoleAppender">
                    <InheritFrom>system:/Loggers/ibmdi.ConsoleAppender</InheritFrom>
                    <parameter name="Pattern.ConversionPattern">%d{ISO8601} %-5p [%c] - %m%n</parameter>
                    <parameter name="com.ibm.di.log.layout">Pattern</parameter>
                    <parameter name="com.ibm.di.log.level">DEBUG</parameter>
                    <parameter name="enabled">false</parameter>
                </Logger>
            </LogConfig>
            <ContainerEF name="EntryFeedContainer"/>
            <ContainerDF name="DataFlowContainer">
                <Branch name="IF create or modify">
                    <Connector name="Load SAP account">
                        <InheritFrom>/Connectors/SAP ABAP User Registry</InheritFrom>
                        <ConnectorMode>Lookup</ConnectorMode>
                        <ConnectorState>Enabled</ConnectorState>
                        <Configuration>
                            <UserComment/>
                            <InheritFrom>[parent]</InheritFrom>
                            <parameter name="userComment"/>
                        </Configuration>
                        <Parser>
                            <InheritFrom>[parent]</InheritFrom>
                            <Schema name="Input">
                                <InheritFrom>[parent]</InheritFrom>
                            </Schema>
                            <Schema name="Output">
                                <InheritFrom>[parent]</InheritFrom>
                            </Schema>
                        </Parser>
                        <AttributeMap name="Input">
                            <InheritFrom>[parent]</InheritFrom>
                            <AttributeMapItem>
                                <Name>*</Name>
                                <Type>simple</Type>
                                <Simple>*</Simple>
                            </AttributeMapItem>
                        </AttributeMap>
                        <AttributeMap name="Output">
                            <InheritFrom>[parent]</InheritFrom>
                        </AttributeMap>
                        <DeltaSettings>
                            <InheritFrom>[parent]</InheritFrom>
                            <WhenToCommit>After every database operation</WhenToCommit>
                            <Driver>CloudScape</Driver>
                        </DeltaSettings>
                        <Schema name="Input">
                            <InheritFrom>[parent]</InheritFrom>
                        </Schema>
                        <Schema name="Output">
                            <InheritFrom>[parent]</InheritFrom>
                            <SchemaItem>
                                <Name>ashost</Name>
                                <NativeSyntax>STRING</NativeSyntax>
                            </SchemaItem>
                            <SchemaItem>
                                <Name>client</Name>
                                <NativeSyntax>STRING</NativeSyntax>
                            </SchemaItem>
                            <SchemaItem>
                                <Name>debug</Name>
                            </SchemaItem>
                            <SchemaItem>
                                <Name>gwhost</Name>
                                <NativeSyntax>STRING</NativeSyntax>
                            </SchemaItem>
                            <SchemaItem>
                                <Name>optional</Name>
                                <NativeSyntax>STRING</NativeSyntax>
                            </SchemaItem>
                            <SchemaItem>
                                <Name>passwd</Name>
                                <NativeSyntax>PASSWORD</NativeSyntax>
                            </SchemaItem>
                            <SchemaItem>
                                <Name>sapUserName</Name>
                                <NativeSyntax>java.lang.String</NativeSyntax>
                            </SchemaItem>
                            <SchemaItem>
                                <Name>sapUserXml</Name>
                                <NativeSyntax>java.lang.String</NativeSyntax>
                            </SchemaItem>
                            <SchemaItem>
                                <Name>sapr3.userconn.deleteStylesheets</Name>
                                <NativeSyntax>TEXTAREA</NativeSyntax>
                            </SchemaItem>
                            <SchemaItem>
                                <Name>sapr3.userconn.findPostStylesheet</Name>
                                <NativeSyntax>STRING</NativeSyntax>
                            </SchemaItem>
                            <SchemaItem>
                                <Name>sapr3.userconn.findPreStylesheet</Name>
                                <NativeSyntax>STRING</NativeSyntax>
                            </SchemaItem>
                            <SchemaItem>
                                <Name>sapr3.userconn.getNextPostStylesheet</Name>
                                <NativeSyntax>STRING</NativeSyntax>
                            </SchemaItem>
                            <SchemaItem>
                                <Name>sapr3.userconn.getNextPreStylesheet</Name>
                                <NativeSyntax>STRING</NativeSyntax>
                            </SchemaItem>
                            <SchemaItem>
                                <Name>sapr3.userconn.modifyStylesheets</Name>
                                <NativeSyntax>TEXTAREA</NativeSyntax>
                            </SchemaItem>
                            <SchemaItem>
                                <Name>sapr3.userconn.putStylesheets</Name>
                                <NativeSyntax>TEXTAREA</NativeSyntax>
                            </SchemaItem>
                            <SchemaItem>
                                <Name>sapr3.userconn.rfcFC</Name>
                                <NativeSyntax>STRING</NativeSyntax>
                            </SchemaItem>
                            <SchemaItem>
                                <Name>sapr3.userconn.selectEntriesPostStylesheet</Name>
                                <NativeSyntax>STRING</NativeSyntax>
                            </SchemaItem>
                            <SchemaItem>
                                <Name>sapr3.userconn.selectEntriesPreStylesheet</Name>
                                <NativeSyntax>STRING</NativeSyntax>
                            </SchemaItem>
                            <SchemaItem>
                                <Name>sysnr</Name>
                                <NativeSyntax>STRING</NativeSyntax>
                            </SchemaItem>
                            <SchemaItem>
                                <Name>trace</Name>
                                <NativeSyntax>STRING</NativeSyntax>
                            </SchemaItem>
                            <SchemaItem>
                                <Name>user</Name>
                                <NativeSyntax>STRING</NativeSyntax>
                            </SchemaItem>
                        </Schema>
                        <LinkCriteria>
                            <InheritFrom>[parent]</InheritFrom>
                            <MatchAny>false</MatchAny>
                            <LinkCriteriaItem>
                                <Key>12371390729</Key>
                                <Attribute>sapUserName</Attribute>
                                <Operator>equals</Operator>
                                <Value>$nativeIdentity</Value>
                            </LinkCriteriaItem>
                        </LinkCriteria>
                        <Hooks>
                            <InheritFrom>[parent]</InheritFrom>
                            <Hook name="before_close">
                                <Name>before_close</Name>
                                <Script/>
                                <Enabled>false</Enabled>
                            </Hook>
                            <Hook name="default_ok">
                                <Name>default_ok</Name>
                                <Script/>
                            </Hook>
                            <Hook name="lookup_nomatch">
                                <Name>lookup_nomatch</Name>
                                <Script>onNoMatchHook();</Script>
                                <Enabled>true</Enabled>
                            </Hook>
                        </Hooks>
                        <CheckpointConfig/>
                        <SandboxConfig/>
                        <Reconnect>
                            <InheritFrom>[parent]</InheritFrom>
                            <parameter name="initreconnect">false</parameter>
                            <parameter name="numberOfRetries">1</parameter>
                            <parameter name="retryDelay">10</parameter>
                            <ReconnectRules/>
                        </Reconnect>
                        <Operations/>
                        <PoolDefinition>
                            <InheritFrom>[parent]</InheritFrom>
                        </PoolDefinition>
                        <PoolInstance>
                            <Enabled>false</Enabled>
                            <ExhaustedPoolBehavior>Wait</ExhaustedPoolBehavior>
                        </PoolInstance>
                        <InitializeOption>3</InitializeOption>
                    </Connector>
                    <Connector name="applyAccountRequest">
                        <ConnectorMode>Script</ConnectorMode>
                        <ConnectorState>Enabled</ConnectorState>
                        <Configuration/>
                        <ConnectorScript><![CDATA[main.logmsg("Start SAP ApplyAccountRequest");
var userXml = work.getAttribute("sapUserXml");
var accountId = work.getAttribute("sapUserName");

var userObj = Packages.sailpoint.applications.sap.SapUser();
if ( userXml != null ) {
    userObj = Packages.sailpoint.applications.sap.SapUser(userXml);    
} 

//
// This will apply changes to the user object, including 
// accountId
//
userObj.applyChanges(work.getAttribute("accountRequest").getValue(0));
main.logmsg("SAP User after applied changes:\n" + userObj.toXml());
work.setAttribute("sapUserXml", userObj.toXml());
main.dumpEntry(work);
main.logmsg("End SAP ApplyAccountRequest");]]></ConnectorScript>
                        <Parser>
                            <Schema name="Input">
                                <InheritFrom>[parent]</InheritFrom>
                            </Schema>
                            <Schema name="Output">
                                <InheritFrom>[parent]</InheritFrom>
                            </Schema>
                        </Parser>
                        <AttributeMap name="Input"/>
                        <AttributeMap name="Output"/>
                        <DeltaSettings>
                            <Driver>BTree</Driver>
                        </DeltaSettings>
                        <Schema name="Input">
                            <InheritFrom>[parent]</InheritFrom>
                        </Schema>
                        <Schema name="Output">
                            <InheritFrom>[parent]</InheritFrom>
                        </Schema>
                        <LinkCriteria/>
                        <Hooks/>
                        <CheckpointConfig/>
                        <SandboxConfig/>
                        <Reconnect>
                            <InheritFrom>[parent]</InheritFrom>
                            <ReconnectRules/>
                        </Reconnect>
                        <Operations/>
                        <PoolDefinition>
                            <InheritFrom>[parent]</InheritFrom>
                        </PoolDefinition>
                        <PoolInstance/>
                        <InitializeOption>0</InitializeOption>
                    </Connector>
                    <Branch name="IF account does not exist">
                        <Connector name="Create SAP account">
                            <InheritFrom>/Connectors/SAP ABAP User Registry</InheritFrom>
                            <ConnectorMode>AddOnly</ConnectorMode>
                            <ConnectorState>Enabled</ConnectorState>
                            <Configuration>
                                <InheritFrom>[parent]</InheritFrom>
                                <parameter name="sapr3.userconn.putStylesheets"><![CDATA[xsl/iiq_bapi_user_create.xsl
xsl/iiq_bapi_user_actgroups_assign.xsl
xsl/iiq_bapi_user_profiles_assign.xsl
]]></parameter>
                            </Configuration>
                            <Parser>
                                <InheritFrom>[parent]</InheritFrom>
                                <Schema name="Input">
                                    <InheritFrom>[parent]</InheritFrom>
                                </Schema>
                                <Schema name="Output">
                                    <InheritFrom>[parent]</InheritFrom>
                                </Schema>
                            </Parser>
                            <AttributeMap name="Input">
                                <InheritFrom>[parent]</InheritFrom>
                            </AttributeMap>
                            <AttributeMap name="Output">
                                <InheritFrom>[parent]</InheritFrom>
                                <AttributeMapItem>
                                    <Name>sapUserName</Name>
                                    <Type>simple</Type>
                                    <Simple>sapUserName</Simple>
                                </AttributeMapItem>
                                <AttributeMapItem>
                                    <Name>sapUserXml</Name>
                                    <Type>simple</Type>
                                    <Simple>sapUserXml</Simple>
                                </AttributeMapItem>
                            </AttributeMap>
                            <DeltaSettings>
                                <InheritFrom>[parent]</InheritFrom>
                                <WhenToCommit>After every database operation</WhenToCommit>
                                <Driver>CloudScape</Driver>
                            </DeltaSettings>
                            <Schema name="Input">
                                <InheritFrom>[parent]</InheritFrom>
                            </Schema>
                            <Schema name="Output">
                                <InheritFrom>[parent]</InheritFrom>
                                <SchemaItem>
                                    <Name>sapUserName</Name>
                                    <NativeSyntax>java.lang.String</NativeSyntax>
                                </SchemaItem>
                                <SchemaItem>
                                    <Name>sapUserXml</Name>
                                    <NativeSyntax>java.lang.String</NativeSyntax>
                                </SchemaItem>
                            </Schema>
                            <LinkCriteria>
                                <InheritFrom>[parent]</InheritFrom>
                                <MatchAny>false</MatchAny>
                                <LinkCriteriaItem>
                                    <Key>12b9c7d0765</Key>
                                    <Attribute>sapUserName</Attribute>
                                    <Operator>equals</Operator>
                                    <Value>$nativeIdentity</Value>
                                </LinkCriteriaItem>
                            </LinkCriteria>
                            <Hooks>
                                <InheritFrom>[parent]</InheritFrom>
                                <Hook name="after_add">
                                    <Name>after_add</Name>
                                    <Script>checkSapErrors();</Script>
                                    <Enabled>true</Enabled>
                                </Hook>
                                <Hook name="before_close">
                                    <Name>before_close</Name>
                                    <Script/>
                                    <Enabled>false</Enabled>
                                </Hook>
                                <Hook name="update_fail">
                                    <Name>update_fail</Name>
                                    <Enabled>false</Enabled>
                                </Hook>
                            </Hooks>
                            <CheckpointConfig/>
                            <SandboxConfig/>
                            <Reconnect>
                                <InheritFrom>[parent]</InheritFrom>
                                <parameter name="initreconnect">false</parameter>
                                <parameter name="numberOfRetries">1</parameter>
                                <parameter name="retryDelay">10</parameter>
                                <ReconnectRules/>
                            </Reconnect>
                            <Operations/>
                            <PoolDefinition>
                                <InheritFrom>[parent]</InheritFrom>
                            </PoolDefinition>
                            <PoolInstance>
                                <Enabled>false</Enabled>
                                <ExhaustedPoolBehavior>Wait</ExhaustedPoolBehavior>
                            </PoolInstance>
                            <InitializeOption>3</InitializeOption>
                        </Connector>
                        <Conditions>
                            <BranchCondition>
                                <LeftHand>accountNotFound</LeftHand>
                                <Operator>exists</Operator>
                                <RightHand/>
                                <Negate>false</Negate>
                                <CaseSensitive>false</CaseSensitive>
                            </BranchCondition>
                        </Conditions>
                        <MatchAny>false</MatchAny>
                        <Enabled>true</Enabled>
                        <Type>0</Type>
                    </Branch>
                    <Branch name="If account DOES exist">
                        <Connector name="Update SAP account">
                            <InheritFrom>/Connectors/SAP ABAP User Registry</InheritFrom>
                            <ConnectorMode>Update</ConnectorMode>
                            <ConnectorState>Enabled</ConnectorState>
                            <Configuration>
                                <InheritFrom>[parent]</InheritFrom>
                            </Configuration>
                            <ComputeChanges>false</ComputeChanges>
                            <Parser>
                                <InheritFrom>[parent]</InheritFrom>
                                <Schema name="Input">
                                    <InheritFrom>[parent]</InheritFrom>
                                </Schema>
                                <Schema name="Output">
                                    <InheritFrom>[parent]</InheritFrom>
                                </Schema>
                            </Parser>
                            <AttributeMap name="Input">
                                <InheritFrom>[parent]</InheritFrom>
                            </AttributeMap>
                            <AttributeMap name="Output">
                                <InheritFrom>[parent]</InheritFrom>
                                <AttributeMapItem>
                                    <Name>sapUserName</Name>
                                    <Type>simple</Type>
                                    <Simple>sapUserName</Simple>
                                </AttributeMapItem>
                                <AttributeMapItem>
                                    <Name>sapUserXml</Name>
                                    <Type>simple</Type>
                                    <Simple>sapUserXml</Simple>
                                </AttributeMapItem>
                            </AttributeMap>
                            <DeltaSettings>
                                <InheritFrom>[parent]</InheritFrom>
                                <WhenToCommit>After every database operation</WhenToCommit>
                                <Driver>CloudScape</Driver>
                            </DeltaSettings>
                            <Schema name="Input">
                                <InheritFrom>[parent]</InheritFrom>
                            </Schema>
                            <Schema name="Output">
                                <InheritFrom>[parent]</InheritFrom>
                                <SchemaItem>
                                    <Name>sapUserName</Name>
                                    <NativeSyntax>java.lang.String</NativeSyntax>
                                </SchemaItem>
                                <SchemaItem>
                                    <Name>sapUserXml</Name>
                                    <NativeSyntax>java.lang.String</NativeSyntax>
                                </SchemaItem>
                            </Schema>
                            <LinkCriteria>
                                <InheritFrom>[parent]</InheritFrom>
                                <MatchAny>false</MatchAny>
                                <LinkCriteriaItem>
                                    <Key>12b9c7d0765</Key>
                                    <Attribute>sapUserName</Attribute>
                                    <Operator>equals</Operator>
                                    <Value>$nativeIdentity</Value>
                                </LinkCriteriaItem>
                            </LinkCriteria>
                            <Hooks>
                                <InheritFrom>[parent]</InheritFrom>
                                <Hook name="update_fail">
                                    <Name>update_fail</Name>
                                    <Script/>
                                    <Enabled>false</Enabled>
                                </Hook>
                            </Hooks>
                            <CheckpointConfig/>
                            <SandboxConfig/>
                            <Reconnect>
                                <InheritFrom>[parent]</InheritFrom>
                                <parameter name="initreconnect">false</parameter>
                                <parameter name="numberOfRetries">1</parameter>
                                <parameter name="retryDelay">10</parameter>
                                <ReconnectRules/>
                            </Reconnect>
                            <Operations/>
                            <PoolDefinition>
                                <InheritFrom>[parent]</InheritFrom>
                            </PoolDefinition>
                            <PoolInstance>
                                <Enabled>false</Enabled>
                                <ExhaustedPoolBehavior>Wait</ExhaustedPoolBehavior>
                            </PoolInstance>
                            <InitializeOption>3</InitializeOption>
                        </Connector>
                        <Conditions>
                            <BranchCondition>
                                <LeftHand>accountNotFound</LeftHand>
                                <Operator>exists</Operator>
                                <RightHand/>
                                <Negate>true</Negate>
                                <CaseSensitive>false</CaseSensitive>
                            </BranchCondition>
                        </Conditions>
                        <MatchAny>false</MatchAny>
                        <Enabled>true</Enabled>
                        <Type>1</Type>
                    </Branch>
                    <ScriptCondition/>
                    <Conditions>
                        <BranchCondition>
                            <LeftHand>operation</LeftHand>
                            <Operator>equals</Operator>
                            <RightHand>Create</RightHand>
                            <CaseSensitive>true</CaseSensitive>
                        </BranchCondition>
                        <BranchCondition>
                            <LeftHand>operation</LeftHand>
                            <Operator>equals</Operator>
                            <RightHand>Modify</RightHand>
                            <CaseSensitive>true</CaseSensitive>
                        </BranchCondition>
                    </Conditions>
                    <MatchAny>true</MatchAny>
                    <Enabled>true</Enabled>
                    <Type>0</Type>
                </Branch>
                <Branch name="ELSE IF delete">
                    <Connector name="Delete SAP account">
                        <InheritFrom>/Connectors/SAP ABAP User Registry</InheritFrom>
                        <ConnectorMode>Delete</ConnectorMode>
                        <ConnectorState>Enabled</ConnectorState>
                        <Configuration>
                            <InheritFrom>[parent]</InheritFrom>
                            <parameter name="sapr3.userconn.deleteStylesheets"><![CDATA[xsl/iiq_bapi_user_delete.xsl
]]></parameter>
                        </Configuration>
                        <Parser>
                            <InheritFrom>[parent]</InheritFrom>
                            <Schema name="Input">
                                <InheritFrom>[parent]</InheritFrom>
                            </Schema>
                            <Schema name="Output">
                                <InheritFrom>[parent]</InheritFrom>
                            </Schema>
                        </Parser>
                        <AttributeMap name="Input">
                            <InheritFrom>[parent]</InheritFrom>
                            <AttributeMapItem>
                                <Name>sapUserName</Name>
                                <Type>simple</Type>
                                <Simple>sapUserName</Simple>
                            </AttributeMapItem>
                            <AttributeMapItem>
                                <Name>sapUserXml</Name>
                                <Type>simple</Type>
                                <Simple>sapUserXml</Simple>
                            </AttributeMapItem>
                        </AttributeMap>
                        <AttributeMap name="Output">
                            <InheritFrom>[parent]</InheritFrom>
                        </AttributeMap>
                        <DeltaSettings>
                            <InheritFrom>[parent]</InheritFrom>
                            <WhenToCommit>After every database operation</WhenToCommit>
                            <Driver>CloudScape</Driver>
                        </DeltaSettings>
                        <Schema name="Input">
                            <InheritFrom>[parent]</InheritFrom>
                            <SchemaItem>
                                <Name>sapUserName</Name>
                                <NativeSyntax>java.lang.String</NativeSyntax>
                            </SchemaItem>
                            <SchemaItem>
                                <Name>sapUserXml</Name>
                                <NativeSyntax>java.lang.String</NativeSyntax>
                            </SchemaItem>
                        </Schema>
                        <Schema name="Output">
                            <InheritFrom>[parent]</InheritFrom>
                            <SchemaItem>
                                <Name>ashost</Name>
                                <NativeSyntax>STRING</NativeSyntax>
                            </SchemaItem>
                            <SchemaItem>
                                <Name>client</Name>
                                <NativeSyntax>STRING</NativeSyntax>
                            </SchemaItem>
                            <SchemaItem>
                                <Name>debug</Name>
                            </SchemaItem>
                            <SchemaItem>
                                <Name>gwhost</Name>
                                <NativeSyntax>STRING</NativeSyntax>
                            </SchemaItem>
                            <SchemaItem>
                                <Name>optional</Name>
                                <NativeSyntax>STRING</NativeSyntax>
                            </SchemaItem>
                            <SchemaItem>
                                <Name>passwd</Name>
                                <NativeSyntax>PASSWORD</NativeSyntax>
                            </SchemaItem>
                            <SchemaItem>
                                <Name>sapUserName</Name>
                                <NativeSyntax>java.lang.String</NativeSyntax>
                            </SchemaItem>
                            <SchemaItem>
                                <Name>sapUserXml</Name>
                                <NativeSyntax>java.lang.String</NativeSyntax>
                            </SchemaItem>
                            <SchemaItem>
                                <Name>sapr3.userconn.deleteStylesheets</Name>
                                <NativeSyntax>TEXTAREA</NativeSyntax>
                            </SchemaItem>
                            <SchemaItem>
                                <Name>sapr3.userconn.findPostStylesheet</Name>
                                <NativeSyntax>STRING</NativeSyntax>
                            </SchemaItem>
                            <SchemaItem>
                                <Name>sapr3.userconn.findPreStylesheet</Name>
                                <NativeSyntax>STRING</NativeSyntax>
                            </SchemaItem>
                            <SchemaItem>
                                <Name>sapr3.userconn.getNextPostStylesheet</Name>
                                <NativeSyntax>STRING</NativeSyntax>
                            </SchemaItem>
                            <SchemaItem>
                                <Name>sapr3.userconn.getNextPreStylesheet</Name>
                                <NativeSyntax>STRING</NativeSyntax>
                            </SchemaItem>
                            <SchemaItem>
                                <Name>sapr3.userconn.modifyStylesheets</Name>
                                <NativeSyntax>TEXTAREA</NativeSyntax>
                            </SchemaItem>
                            <SchemaItem>
                                <Name>sapr3.userconn.putStylesheets</Name>
                                <NativeSyntax>TEXTAREA</NativeSyntax>
                            </SchemaItem>
                            <SchemaItem>
                                <Name>sapr3.userconn.rfcFC</Name>
                                <NativeSyntax>STRING</NativeSyntax>
                            </SchemaItem>
                            <SchemaItem>
                                <Name>sapr3.userconn.selectEntriesPostStylesheet</Name>
                                <NativeSyntax>STRING</NativeSyntax>
                            </SchemaItem>
                            <SchemaItem>
                                <Name>sapr3.userconn.selectEntriesPreStylesheet</Name>
                                <NativeSyntax>STRING</NativeSyntax>
                            </SchemaItem>
                            <SchemaItem>
                                <Name>sysnr</Name>
                                <NativeSyntax>STRING</NativeSyntax>
                            </SchemaItem>
                            <SchemaItem>
                                <Name>trace</Name>
                                <NativeSyntax>STRING</NativeSyntax>
                            </SchemaItem>
                            <SchemaItem>
                                <Name>user</Name>
                                <NativeSyntax>STRING</NativeSyntax>
                            </SchemaItem>
                        </Schema>
                        <LinkCriteria>
                            <InheritFrom>[parent]</InheritFrom>
                            <LinkCriteriaItem>
                                <Key>12371d096c8</Key>
                                <Attribute>sapUserName</Attribute>
                                <Operator>equals</Operator>
                                <Value>$nativeIdentity</Value>
                            </LinkCriteriaItem>
                        </LinkCriteria>
                        <Hooks>
                            <InheritFrom>[parent]</InheritFrom>
                            <Hook name="after_close">
                                <Name>after_close</Name>
                                <Enabled>false</Enabled>
                            </Hook>
                            <Hook name="after_delete">
                                <Name>after_delete</Name>
                                <Script>checkSapErrors();</Script>
                                <Enabled>true</Enabled>
                            </Hook>
                            <Hook name="before_close">
                                <Name>before_close</Name>
                                <Script/>
                                <Enabled>false</Enabled>
                            </Hook>
                            <Hook name="before_execute">
                                <Name>before_execute</Name>
                                <Script/>
                                <Enabled>false</Enabled>
                            </Hook>
                            <Hook name="close_fail">
                                <Name>close_fail</Name>
                                <Script/>
                                <Enabled>false</Enabled>
                            </Hook>
                            <Hook name="default_fail">
                                <Name>default_fail</Name>
                                <Enabled>false</Enabled>
                            </Hook>
                            <Hook name="default_ok">
                                <Name>default_ok</Name>
                                <Script/>
                                <Enabled>false</Enabled>
                            </Hook>
                            <Hook name="delete_fail">
                                <Name>delete_fail</Name>
                                <Script/>
                                <Enabled>false</Enabled>
                            </Hook>
                            <Hook name="delete_ok">
                                <Name>delete_ok</Name>
                                <Script/>
                                <Enabled>false</Enabled>
                            </Hook>
                            <Hook name="initialize_fail">
                                <Name>initialize_fail</Name>
                                <Script/>
                                <Enabled>false</Enabled>
                            </Hook>
                        </Hooks>
                        <CheckpointConfig/>
                        <SandboxConfig/>
                        <Reconnect>
                            <InheritFrom>[parent]</InheritFrom>
                            <parameter name="initreconnect">false</parameter>
                            <parameter name="numberOfRetries">1</parameter>
                            <parameter name="retryDelay">10</parameter>
                            <ReconnectRules/>
                        </Reconnect>
                        <Operations/>
                        <PoolDefinition>
                            <InheritFrom>[parent]</InheritFrom>
                        </PoolDefinition>
                        <PoolInstance>
                            <Enabled>false</Enabled>
                            <ExhaustedPoolBehavior>Wait</ExhaustedPoolBehavior>
                        </PoolInstance>
                        <InitializeOption>3</InitializeOption>
                    </Connector>
                    <Conditions>
                        <BranchCondition>
                            <LeftHand>operation</LeftHand>
                            <Operator>equals</Operator>
                            <RightHand>Delete</RightHand>
                            <CaseSensitive>true</CaseSensitive>
                        </BranchCondition>
                    </Conditions>
                    <MatchAny>false</MatchAny>
                    <Enabled>true</Enabled>
                    <Type>1</Type>
                </Branch>
                <Branch name="ELSE IF unlock">
                    <Connector name="Set User Unlocked">
                        <ConnectorMode>Script</ConnectorMode>
                        <ConnectorState>Enabled</ConnectorState>
                        <Configuration/>
                        <ConnectorScript><![CDATA[main.logmsg("Start Set User Unlocked");
var userXml = work.getAttribute("sapUserXml");

var userObj = Packages.sailpoint.applications.sap.SapUser();
userObj.setUserName(work.getAttribute("sapUserName"));
main.logmsg("SAP User after applied changes:\n" + userObj.toXml());
work.setAttribute("sapUserXml", userObj.toXml());
main.dumpEntry(work);
main.logmsg("End SAP ApplyAccountRequest");]]></ConnectorScript>
                        <Parser>
                            <Schema name="Input">
                                <InheritFrom>[parent]</InheritFrom>
                            </Schema>
                            <Schema name="Output">
                                <InheritFrom>[parent]</InheritFrom>
                            </Schema>
                        </Parser>
                        <AttributeMap name="Input"/>
                        <AttributeMap name="Output"/>
                        <DeltaSettings>
                            <Driver>BTree</Driver>
                        </DeltaSettings>
                        <Schema name="Input">
                            <InheritFrom>[parent]</InheritFrom>
                        </Schema>
                        <Schema name="Output">
                            <InheritFrom>[parent]</InheritFrom>
                        </Schema>
                        <LinkCriteria/>
                        <Hooks/>
                        <CheckpointConfig/>
                        <SandboxConfig/>
                        <Reconnect>
                            <InheritFrom>[parent]</InheritFrom>
                            <ReconnectRules/>
                        </Reconnect>
                        <Operations/>
                        <PoolDefinition>
                            <InheritFrom>[parent]</InheritFrom>
                        </PoolDefinition>
                        <PoolInstance/>
                        <InitializeOption>0</InitializeOption>
                    </Connector>
                    <Connector name="Unlock SAP account">
                        <InheritFrom>/Connectors/SAP ABAP User Registry</InheritFrom>
                        <ConnectorMode>Update</ConnectorMode>
                        <ConnectorState>Enabled</ConnectorState>
                        <Configuration>
                            <InheritFrom>[parent]</InheritFrom>
                            <parameter name="sapr3.userconn.modifyStylesheets"><![CDATA[xsl/iiq_bapi_user_unlock.xsl
]]></parameter>
                        </Configuration>
                        <ComputeChanges>false</ComputeChanges>
                        <SkipLookup>false</SkipLookup>
                        <Parser>
                            <InheritFrom>[parent]</InheritFrom>
                            <Schema name="Input">
                                <InheritFrom>[parent]</InheritFrom>
                            </Schema>
                            <Schema name="Output">
                                <InheritFrom>[parent]</InheritFrom>
                            </Schema>
                        </Parser>
                        <AttributeMap name="Input">
                            <InheritFrom>[parent]</InheritFrom>
                        </AttributeMap>
                        <AttributeMap name="Output">
                            <InheritFrom>[parent]</InheritFrom>
                            <AttributeMapItem>
                                <Name>sapUserName</Name>
                                <Type>simple</Type>
                                <Simple>sapUserName</Simple>
                            </AttributeMapItem>
                            <AttributeMapItem>
                                <Name>sapUserXml</Name>
                                <Type>simple</Type>
                                <Simple>sapUserXml</Simple>
                            </AttributeMapItem>
                        </AttributeMap>
                        <DeltaSettings>
                            <InheritFrom>[parent]</InheritFrom>
                            <WhenToCommit>After every database operation</WhenToCommit>
                            <Driver>CloudScape</Driver>
                        </DeltaSettings>
                        <Schema name="Input">
                            <InheritFrom>[parent]</InheritFrom>
                        </Schema>
                        <Schema name="Output">
                            <InheritFrom>[parent]</InheritFrom>
                            <SchemaItem>
                                <Name>sapUserName</Name>
                                <NativeSyntax>java.lang.String</NativeSyntax>
                            </SchemaItem>
                            <SchemaItem>
                                <Name>sapUserXml</Name>
                                <NativeSyntax>java.lang.String</NativeSyntax>
                            </SchemaItem>
                        </Schema>
                        <LinkCriteria>
                            <InheritFrom>[parent]</InheritFrom>
                            <LinkCriteriaItem>
                                <Key>127fe05b647</Key>
                                <Attribute>sapUserName</Attribute>
                                <Operator>equals</Operator>
                                <Value>$nativeIdentity</Value>
                            </LinkCriteriaItem>
                        </LinkCriteria>
                        <Hooks>
                            <InheritFrom>[parent]</InheritFrom>
                            <Hook name="before_close">
                                <Name>before_close</Name>
                                <Script/>
                                <Enabled>false</Enabled>
                            </Hook>
                            <Hook name="update_ok">
                                <Name>update_ok</Name>
                                <Enabled>false</Enabled>
                            </Hook>
                        </Hooks>
                        <CheckpointConfig/>
                        <SandboxConfig/>
                        <Reconnect>
                            <InheritFrom>[parent]</InheritFrom>
                            <parameter name="initreconnect">false</parameter>
                            <parameter name="numberOfRetries">1</parameter>
                            <parameter name="retryDelay">10</parameter>
                            <ReconnectRules/>
                        </Reconnect>
                        <Operations/>
                        <PoolDefinition>
                            <InheritFrom>[parent]</InheritFrom>
                        </PoolDefinition>
                        <PoolInstance>
                            <Enabled>false</Enabled>
                            <ExhaustedPoolBehavior>Wait</ExhaustedPoolBehavior>
                        </PoolInstance>
                        <InitializeOption>3</InitializeOption>
                    </Connector>
                    <Conditions>
                        <BranchCondition>
                            <LeftHand>operation</LeftHand>
                            <Operator>equals</Operator>
                            <RightHand>Unlock</RightHand>
                            <CaseSensitive>true</CaseSensitive>
                        </BranchCondition>
                    </Conditions>
                    <MatchAny>false</MatchAny>
                    <Enabled>true</Enabled>
                    <Type>1</Type>
                </Branch>
                <Branch name="ELSE unhandled operation">
                    <Connector name="unhandled operation">
                        <ConnectorMode>Script</ConnectorMode>
                        <ConnectorState>Enabled</ConnectorState>
                        <Configuration/>
                        <ConnectorScript><![CDATA[// Received an unhandled operation, so fail.
var msg = "Account request operation '" + work.getString("operation") + "' is not handled.";
work.setAttribute("provisioningSuccessful", new Boolean(false));
work.addAttributeValue("provisioningErrors", msg);
]]></ConnectorScript>
                        <Parser>
                            <Schema name="Input">
                                <InheritFrom>[parent]</InheritFrom>
                            </Schema>
                            <Schema name="Output">
                                <InheritFrom>[parent]</InheritFrom>
                            </Schema>
                        </Parser>
                        <AttributeMap name="Input"/>
                        <AttributeMap name="Output"/>
                        <DeltaSettings>
                            <Driver>BTree</Driver>
                        </DeltaSettings>
                        <Schema name="Input">
                            <InheritFrom>[parent]</InheritFrom>
                        </Schema>
                        <Schema name="Output">
                            <InheritFrom>[parent]</InheritFrom>
                        </Schema>
                        <LinkCriteria/>
                        <Hooks/>
                        <CheckpointConfig/>
                        <SandboxConfig/>
                        <Reconnect>
                            <InheritFrom>[parent]</InheritFrom>
                            <ReconnectRules/>
                        </Reconnect>
                        <Operations/>
                        <PoolDefinition>
                            <InheritFrom>[parent]</InheritFrom>
                        </PoolDefinition>
                        <PoolInstance/>
                        <InitializeOption>0</InitializeOption>
                    </Connector>
                    <Conditions/>
                    <MatchAny>false</MatchAny>
                    <Enabled>true</Enabled>
                    <Type>2</Type>
                </Branch>
            </ContainerDF>
            <ThreadOptions/>
            <Operations/>
            <InitParams>
                <Schema name="AssemblyLineInitParams"/>
            </InitParams>
        </AssemblyLine>
    </Folder>
    <Folder name="Connectors">
        <Connector name="SAP ABAP User Registry">
            <InheritFrom>system:/Connectors/ibmdi.SapR3UserRegConnector</InheritFrom>
            <ConnectorMode>Update</ConnectorMode>
            <ConnectorState>Enabled</ConnectorState>
            <Configuration>
                <UserComment/>
                <InheritFrom>[parent]</InheritFrom>
                <parameter name="ashost">seawolf.test.sailpoint.com</parameter>
                <parameter name="client">001</parameter>
                <parameter name="debug">true</parameter>
                <parameter name="passwd">password</parameter>
                <parameter name="sapr3.userconn.findPostStylesheet">xsl/iiq_bapi_user_getdetail_postcall.xsl</parameter>
                <parameter name="sapr3.userconn.findPreStylesheet">xsl/iiq_bapi_user_getdetail_precall.xsl</parameter>
                <parameter name="sapr3.userconn.modifyStylesheets"><![CDATA[xsl/iiq_bapi_user_change.xsl
xsl/iiq_bapi_user_actgroups_assign.xsl
xsl/iiq_bapi_user_profiles_assign.xsl
]]></parameter>
                <parameter name="sysnr">00</parameter>
                <parameter name="trace">0</parameter>
                <parameter name="user">DDIC4</parameter>
                <parameter name="userComment"/>
            </Configuration>
            <ComputeChanges>false</ComputeChanges>
            <Parser>
                <InheritFrom>[parent]</InheritFrom>
                <Schema name="Input">
                    <InheritFrom>[parent]</InheritFrom>
                </Schema>
                <Schema name="Output">
                    <InheritFrom>[parent]</InheritFrom>
                </Schema>
            </Parser>
            <AttributeMap name="Input">
                <InheritFrom>[parent]</InheritFrom>
            </AttributeMap>
            <AttributeMap name="Output">
                <InheritFrom>[parent]</InheritFrom>
            </AttributeMap>
            <DeltaSettings/>
            <Schema name="Input">
                <InheritFrom>[parent]</InheritFrom>
            </Schema>
            <Schema name="Output">
                <InheritFrom>[parent]</InheritFrom>
                <SchemaItem>
                    <Name>sapUserName</Name>
                    <NativeSyntax>java.lang.String</NativeSyntax>
                </SchemaItem>
                <SchemaItem>
                    <Name>sapUserXml</Name>
                    <NativeSyntax>java.lang.String</NativeSyntax>
                </SchemaItem>
            </Schema>
            <LinkCriteria>
                <InheritFrom>[parent]</InheritFrom>
                <LinkCriteriaItem>
                    <Key>12b9c7d0765</Key>
                    <Attribute>$user</Attribute>
                    <Operator>equals</Operator>
                    <Value>$nativeIdentity</Value>
                </LinkCriteriaItem>
            </LinkCriteria>
            <Hooks>
                <InheritFrom>[parent]</InheritFrom>
                <Hook name="after_update">
                    <Name>after_update</Name>
                    <Script>checkSapErrors();</Script>
                    <Enabled>true</Enabled>
                </Hook>
                <Hook name="before_close">
                    <Name>before_close</Name>
                    <Script/>
                    <Enabled>false</Enabled>
                </Hook>
                <Hook name="default_fail">
                    <Name>default_fail</Name>
                    <Script/>
                    <Enabled>false</Enabled>
                </Hook>
                <Hook name="default_ok">
                    <Name>default_ok</Name>
                    <Script/>
                    <Enabled>false</Enabled>
                </Hook>
                <Hook name="update_fail">
                    <Name>update_fail</Name>
                    <Script/>
                    <Enabled>false</Enabled>
                </Hook>
                <Hook name="update_ok">
                    <Name>update_ok</Name>
                    <Script/>
                    <Enabled>false</Enabled>
                </Hook>
            </Hooks>
            <CheckpointConfig/>
            <SandboxConfig/>
            <Reconnect>
                <InheritFrom>[parent]</InheritFrom>
                <parameter name="initreconnect">false</parameter>
                <parameter name="numberOfRetries">1</parameter>
                <parameter name="retryDelay">10</parameter>
                <ReconnectRules/>
            </Reconnect>
            <Operations/>
            <PoolDefinition>
                <InheritFrom>[parent]</InheritFrom>
                <Enabled>false</Enabled>
                <MinPoolSize>0</MinPoolSize>
                <PurgeInterval>0</PurgeInterval>
                <InitializeAttempts>1</InitializeAttempts>
            </PoolDefinition>
            <PoolInstance/>
            <InitializeOption>3</InitializeOption>
        </Connector>
    </Folder>
    <Folder name="Parsers"/>
    <Folder name="Scripts">
        <Script name="SAP Scripts">
            <parameter name="autoInclude">true</parameter>
            <parameter name="includeFiles"/>
            <parameter name="script"><![CDATA[/**
 * In many cases the SAP ABAP connector will not throw an error and 
 * instead will return an object to the assembly line we must
 * check for messages.
 * 
 */
function checkSapErrors() {
    task.logmsg("CheckSapErrors [" + urcAbapErrorCache +"]");
    var errs = urcAbapErrorCache.getLastErrorSet();
    if (errs.size() > 0) {
        main.logmsg("********** There were ABAP Errors **********");
        var errors = ""; 
        for (var i = 0; i < errs.size(); ++i) {
            var errInfo = errs.get(i);
            var str = "ABAP Error!: "+ errInfo.getMsg() + " Num: " + errInfo.getMsgNum().toString();
            task.logmsg(str);
            work.setAttribute("provisioningSuccessful", new Boolean(false));            
            work.addAttributeValue("provisioningErrors",str);
        }
    }  
    var warns = urcAbapErrorCache.getLastWarningSet();
    if (warns.size() > 0) {
        task.logmsg("********** There were ABAP Warnings *********");
        for (var i = 0; i < warns.size(); ++i) {
            var errInfo = warns.get(i); 
            var str = "ABAP Warning: "+ errInfo.getMsg() + " Num: " + errInfo.getMsgNum().toString();
            work.addAttributeValue("provisioningWarnings", str);
            task.logmsg(str);
        }
    }
}]]></parameter>
        </Script>
    </Folder>
    <JavaLibraries/>
    <JavaProperties/>
    <Folder name="Config">
        <LogConfig name="Logging"/>
        <InstanceProperties name="AutoStart">
            <AutoStart/>
        </InstanceProperties>
        <TombstonesConfig name="Tombstones"/>
        <SolutionInterface name="SolutionInterface">
            <PollInterval>-1</PollInterval>
            <InstanceID>Kelly</InstanceID>
            <enabled>true</enabled>
        </SolutionInterface>
    </Folder>
</MetamergeConfig>
