<?xml version='1.0' encoding='UTF-8'?>
<!DOCTYPE Application PUBLIC "sailpoint.dtd" "sailpoint.dtd">
<Application connector="sailpoint.connector.PeopleSoftConnector" featuresString="ENABLE, DISCOVER_SCHEMA" name="PeopleSoft" profileClass="" type="PeopleSoft">
  <Attributes>
    <Map>
      <entry key="compositeDefinition" value=""/>
      <entry key="componentInterface" value="IIQ_USERS"/>
      <entry key="group.componentInterface" value="IIQ_ROLES"/>
      <entry key="host" value="172.16.7.9"/>
      <entry key="port" value="9000"/>
      <entry key="user" value="PS"/>
      <entry key="password" value="1:VtKktiP2gmiM9JycO9b+qw=="/>
    </Map>
  </Attributes>
  <Owner>
    <Reference class="sailpoint.object.Identity" name="spadmin"/>
  </Owner>
  <Schemas>
    <Schema displayAttribute="UserDescription" identityAttribute="UserID" instanceAttribute="" nativeObjectType="" objectType="account">
      <AttributeDefinition name="AccountLocked" remediationModificationType="None" type="int">
        <Description>Account locked out</Description>
      </AttributeDefinition>
      <AttributeDefinition name="AllowSwitchUser" remediationModificationType="None" type="string">
        <Description>Allow switch user</Description>
      </AttributeDefinition>
      <AttributeDefinition name="AlternateUserID" remediationModificationType="None" type="string">
        <Description>Alternate role user</Description>
      </AttributeDefinition>
      <AttributeDefinition name="CurrencyCode" remediationModificationType="None" type="string">
        <Description>Currency code</Description>
      </AttributeDefinition>
      <AttributeDefinition name="DefaultMobilePage" remediationModificationType="None" type="string">
        <Description>Default mobile page</Description>
      </AttributeDefinition>
      <AttributeDefinition name="EffectiveDateFrom" remediationModificationType="None" type="string">
        <Description>Workflow attribute - from date</Description>
      </AttributeDefinition>
      <AttributeDefinition name="EffectiveDateTo" remediationModificationType="None" type="string">
        <Description>Workflow attribute - to date</Description>
      </AttributeDefinition>
      <AttributeDefinition multi="true" name="EmailAddresses" remediationModificationType="None" type="string">
        <Description>Email addresses</Description>
      </AttributeDefinition>
      <AttributeDefinition name="EmailUser" remediationModificationType="None" type="string">
        <Description>Routing preferences - email user</Description>
      </AttributeDefinition>
      <AttributeDefinition name="Encrypted" remediationModificationType="None" type="string">
        <Description>Encrypted</Description>
      </AttributeDefinition>
      <AttributeDefinition name="ExpertEntry" remediationModificationType="None" type="int">
        <Description>Enable expert entry</Description>
      </AttributeDefinition>
      <AttributeDefinition name="FailedLogins" remediationModificationType="None" type="int">
        <Description>Number of failed logins</Description>
      </AttributeDefinition>
      <AttributeDefinition multi="true" name="IDTypes" remediationModificationType="None" type="string">
        <Description>User ID types and values</Description>
      </AttributeDefinition>
      <AttributeDefinition name="LanguageCode" remediationModificationType="None" type="string">
        <Description>Language code</Description>
      </AttributeDefinition>
      <AttributeDefinition name="LastUpdateDateTime" remediationModificationType="None" type="string">
        <Description>Last update date/time</Description>
      </AttributeDefinition>
      <AttributeDefinition name="LastUpdateUserID" remediationModificationType="None" type="string">
        <Description>Last update user ID</Description>
      </AttributeDefinition>
      <AttributeDefinition name="MultiLanguageEnabled" remediationModificationType="None" type="string">
        <Description>Multi-language enabled</Description>
      </AttributeDefinition>
      <AttributeDefinition name="NavigatorHomePermissionList" remediationModificationType="None" type="string">
        <Description>Default navigator home page permission list</Description>
      </AttributeDefinition>
      <AttributeDefinition name="Opertype" remediationModificationType="None" type="int">
        <Description>Use external authentication</Description>
      </AttributeDefinition>
      <AttributeDefinition name="PasswordExpired" remediationModificationType="None" type="string">
        <Description>Password expired</Description>
      </AttributeDefinition>
      <AttributeDefinition name="PrimaryPermissionList" remediationModificationType="None" type="string">
        <Description>Primary permission list</Description>
      </AttributeDefinition>
      <AttributeDefinition name="ProcessProfilePermissionList" remediationModificationType="None" type="string">
        <Description>Process profile permission list</Description>
      </AttributeDefinition>
      <AttributeDefinition name="ReassignWork" remediationModificationType="None" type="string">
        <Description>Reassign work</Description>
      </AttributeDefinition>
      <AttributeDefinition name="ReassignUserID" remediationModificationType="None" type="string">
        <Description>Reassign work to</Description>
      </AttributeDefinition>
      <AttributeDefinition multi="true" name="Roles" remediationModificationType="None" type="string">
        <Description>Roles assigned to the user - detailed</Description>
      </AttributeDefinition>
      <AttributeDefinition entitlement="true" multi="true" name="roleNames" remediationModificationType="None" type="string">
        <Description>Roles assigned to the user</Description>
      </AttributeDefinition>
      <AttributeDefinition name="RowSecurityPermissionList" remediationModificationType="None" type="string">
        <Description>Row security permission list</Description>
      </AttributeDefinition>
      <AttributeDefinition name="SupervisingUserID" remediationModificationType="None" type="string">
        <Description>Supervising user</Description>
      </AttributeDefinition>
      <AttributeDefinition name="SymbolicID" remediationModificationType="None" type="string">
        <Description>Symbolic ID</Description>
      </AttributeDefinition>
      <AttributeDefinition name="UserDescription" remediationModificationType="None" type="string">
        <Description>Description</Description>
      </AttributeDefinition>
      <AttributeDefinition name="UserID" remediationModificationType="None" type="string">
        <Description>User ID</Description>
      </AttributeDefinition>
      <AttributeDefinition name="UserIDAlias" remediationModificationType="None" type="string">
        <Description>User ID alias</Description>
      </AttributeDefinition>
      <AttributeDefinition name="WorkListEntriesCount" remediationModificationType="None" type="long">
        <Description>Work list entries count</Description>
      </AttributeDefinition>
      <AttributeDefinition name="WorklistUser" remediationModificationType="None" type="string">
        <Description>Routing preferences - worklist user</Description>
      </AttributeDefinition>
    </Schema>
  </Schemas>
  <Templates>
    <Template name="account">
      <Field displayName="User ID" name="UserID" required="true" reviewRequired="true" section="User Information" type="string">
        <Script>
          <Source>import sailpoint.tools.Util;

String userID = identity.getName();
String first = identity.getFirstname();
String last = identity.getLastname();
if ((null != Util.getString(first)) &amp;&amp; (null != Util.getString(last))) {
    userID = first.toLowerCase().charAt(0) + last.toLowerCase();
}
return userID;
</Source>
        </Script>
      </Field>
      <Field displayName="Description" name="UserDescription" required="true" reviewRequired="true" section="User Information" type="string">
        <Script>
          <Source>return identity.getDisplayableName();</Source>
        </Script>
      </Field>
      <Field displayName="Symbolic ID" name="SymbolicID" reviewRequired="true" section="Logon Information" type="string" value="SYSADM1"/>
      <Field displayName="Password" name="password" required="true" reviewRequired="true" section="Logon Information" type="secret"/>
      <Field displayName="Password expired?" name="PasswordExpired" reviewRequired="true" section="Logon Information" type="boolean" value="false"/>
      <Field displayName="ID Type None" name="IDTypes_NON" reviewRequired="true" section="ID Types" type="boolean" value="true"/>
      <Field displayName="Employee ID" name="IDTypes_EMP_Empl ID" reviewRequired="true" section="ID Types" type="string"/>
      <Field displayName="Customer Set ID" name="IDTypes_CST_SetID" reviewRequired="true" section="ID Types" type="string"/>
      <Field displayName="Customer Contact Set ID" name="IDTypes_CNT_SetID" reviewRequired="true" section="ID Types" type="string"/>
      <Field displayName="Vendor Set ID" name="IDTypes_VND_SetID" reviewRequired="true" section="ID Types" type="string"/>
      <Field displayName="Vendor ID" name="IDTypes_VND_Vendor ID" reviewRequired="true" section="ID Types" type="string"/>
      <Field displayName="Business email" name="EmailAddresses_BUS" reviewRequired="true" section="General Attributes" type="string"/>
      <Field displayName="Business email primary?" name="EmailAddresses_BUS_primary" reviewRequired="true" section="General Attributes" type="boolean" value="true"/>
      <Field displayName="Home email" name="EmailAddresses_HOME" reviewRequired="true" section="General Attributes" type="string"/>
      <Field displayName="Home email primary?" name="EmailAddresses_HOME_primary" reviewRequired="true" section="General Attributes" type="boolean" value="false"/>
      <Field displayName="Language code" name="LanguageCode" reviewRequired="true" section="General Attributes" type="string" value="ENG"/>
      <Field displayName="Currency code" name="CurrencyCode" reviewRequired="true" section="General Attributes" type="string" value="USD"/>
      <Field displayName="Enable expert entry?" name="ExpertEntry" reviewRequired="true" section="General Attributes" type="boolean" value="false"/>
      <Field displayName="Default mobile page" name="DefaultMobilePage" reviewRequired="true" section="General Attributes" type="string"/>
      <Field displayName="Navigator homepage" name="NavigatorHomePermissionList" reviewRequired="true" section="Permission Lists" type="string"/>
      <Field displayName="Primary permission list" name="PrimaryPermissionList" reviewRequired="true" section="Permission Lists" type="string"/>
      <Field displayName="Process profile" name="ProcessProfilePermissionList" reviewRequired="true" section="Permission Lists" type="string"/>
      <Field displayName="Row security" name="RowSecurityPermissionList" reviewRequired="true" section="Permission Lists" type="string"/>
      <Field displayName="Alternate user ID" name="AlternateUserID" reviewRequired="true" section="Workflow: Attributes" type="string"/>
      <Field displayName="From date" name="EffectiveDateFrom" reviewRequired="true" section="Workflow: Attributes" type="date"/>
      <Field displayName="To date" name="EffectiveDateTo" reviewRequired="true" section="Workflow: Attributes" type="date"/>
      <Field displayName="Reassign work" name="ReassignWork" reviewRequired="true" section="Workflow: Attributes" type="boolean" value="false"/>
      <Field displayName="Reassign work to" name="ReassignUserID" reviewRequired="true" section="Workflow: Attributes" type="string"/>
      <Field displayName="Worklist user" name="WorklistUser" reviewRequired="true" section="Workflow: Attributes" type="boolean" value="true"/>
      <Field displayName="Email user" name="EmailUser" reviewRequired="true" section="Workflow: Attributes" type="boolean" value="true"/>
    </Template>
  </Templates>
</Application>
