<?xml version="1.0" encoding="UTF-8"?><MetamergeConfig Cycle="37" UUID="d42fc408-16eb-40c3-8038-0bd973a60591" created="Thu Dec 02 09:06:41 CST 2010" createdBy="kgrizzle" main="PeopleSoft" modified="Mon Dec 13 08:58:20 CST 2010" modifiedBy="kgrizzle" project="PeopleSoft2" version="7.1">

<AssemblyLine name="PeopleSoft">
        <Settings>
            <parameter name="ALPoolSettingsDialog">showALPoolSettings</parameter>
            <parameter name="automapattributes">false</parameter>
            <parameter name="createTombstones">false</parameter>
            <parameter name="debug">false</parameter>
            <parameter name="includeGlobalPrologs">true</parameter>
            <parameter name="nullBehaviorDialog">showNullBehavior</parameter>
        </Settings>
        <Hooks>
            <Hook name="onfailure">
                <Name>onfailure</Name>
                <Script>onFailureHook();</Script>
                <Enabled>true</Enabled>
            </Hook>
            <Hook name="onsuccess">
                <Name>onsuccess</Name>
                <Script>onSuccessHook();</Script>
                <Enabled>true</Enabled>
            </Hook>
        </Hooks>
        <CheckpointConfig/>
        <SandboxConfig/>
        <SimulationConfig>
            <SimulationStates>
                <Component name="Operation is Create or Modify" state="Enabled"/>
                <Component name="applyAccountRequest" state="Enabled"/>
                <Component name="Operation is Create" state="Enabled"/>
                <Component name="set default account attributes" state="Enabled"/>
                <Component name="Create HRMS Entry" state="Simulated"/>
                <Component name="Operation is Modify" state="Enabled"/>
                <Component name="Modify HRMS Entry" state="Simulated"/>
                <Component name="If Operation is Delete" state="Enabled"/>
                <Component name="Delete HRMS Entry" state="Simulated"/>
                <Component name="Operation is Enable" state="Enabled"/>
                <Component name="Enable HRMS Entry" state="Simulated"/>
                <Component name="Operation is Disable" state="Enabled"/>
                <Component name="Disable HRMS Entry" state="Simulated"/>
                <Component name="Unhandle Operation" state="Enabled"/>
                <Component name="Unhandled_Operation" state="Enabled"/>
            </SimulationStates>
            <ProxySettings/>
        </SimulationConfig>
        <LogConfig />
        <ContainerEF name="EntryFeedContainer"/>
        <ContainerDF name="DataFlowContainer">
            <Branch name="Operation is Create or Modify">
                <Script name="applyAccountRequest">
                    <parameter name="script">applyAccountRequest(work, work.getAttribute("accountRequest").getValue(0),true);</parameter>
                </Script>
                <Branch name="Operation is Create">
                    <ALMap name="set default account attributes">
                        <InheritFrom>[no inheritance]</InheritFrom>
                        <AttributeMap name="Input">
                            <InheritFrom>[parent]</InheritFrom>
                            <AttributeMapItem>
                                <Name>UserID</Name>
                                <Type>advanced</Type>
                                <Script>work.nativeIdentity</Script>
                            </AttributeMapItem>
                        </AttributeMap>
                        <State>Enabled</State>
                    </ALMap>
                    <Connector name="Create HRMS Entry">
                        <InheritFrom>system:/Connectors/PeopleSoftConnector</InheritFrom>
                        <ConnectorMode>AddOnly</ConnectorMode>
                        <ConnectorState>Enabled</ConnectorState>
                        <Configuration>
                            <InheritFrom>[parent]</InheritFrom>
                            <parameter name="componentInterface">IIQ_USERS</parameter>
                            <parameter name="host">172.16.7.9</parameter>
                            <parameter name="port">9000</parameter>
                            <parameter name="user">PS</parameter>
                            <parameter name="password">PS</parameter>
                        </Configuration>
                        <ComputeChanges>true</ComputeChanges>
                        <Parser>
                            <InheritFrom>[parent]</InheritFrom>
                            <Schema name="Input">
                                <InheritFrom>[parent]</InheritFrom>
                            </Schema>
                            <Schema name="Output">
                                <InheritFrom>[parent]</InheritFrom>
                            </Schema>
                        </Parser>
                        <AttributeMap name="Input">
                            <InheritFrom>[parent]</InheritFrom>
                        </AttributeMap>
                        <AttributeMap name="Output">
                            <InheritFrom>[parent]</InheritFrom>
                            <AttributeMapItem>
                                <Name>AccountLocked</Name>
                                <Type>simple</Type>
                                <Simple>AccountLocked</Simple>
                            </AttributeMapItem>
                            <AttributeMapItem>
                                <Name>AllowSwitchUser</Name>
                                <Type>simple</Type>
                                <Simple>AllowSwitchUser</Simple>
                            </AttributeMapItem>
                            <AttributeMapItem>
                                <Name>AlternateUserID</Name>
                                <Type>simple</Type>
                                <Simple>AlternateUserID</Simple>
                            </AttributeMapItem>
                            <AttributeMapItem>
                                <Name>ConfirmPassword</Name>
                                <Type>simple</Type>
                                <Simple>ConfirmPassword</Simple>
                            </AttributeMapItem>
                            <AttributeMapItem>
                                <Name>CurrencyCode</Name>
                                <Type>simple</Type>
                                <Simple>CurrencyCode</Simple>
                            </AttributeMapItem>
                            <AttributeMapItem>
                                <Name>DefaultMobilePage</Name>
                                <Type>simple</Type>
                                <Simple>DefaultMobilePage</Simple>
                            </AttributeMapItem>
                            <AttributeMapItem>
                                <Name>EffectiveDateFrom</Name>
                                <Type>simple</Type>
                                <Simple>EffectiveDateFrom</Simple>
                            </AttributeMapItem>
                            <AttributeMapItem>
                                <Name>EffectiveDateTo</Name>
                                <Type>simple</Type>
                                <Simple>EffectiveDateTo</Simple>
                            </AttributeMapItem>
                            <AttributeMapItem>
                                <Name>EmailAddresses</Name>
                                <Type>simple</Type>
                                <Simple>EmailAddresses</Simple>
                            </AttributeMapItem>
                            <AttributeMapItem>
                                <Name>EmailAddresses_BB</Name>
                                <Type>simple</Type>
                                <Simple>EmailAddresses_BB</Simple>
                            </AttributeMapItem>
                            <AttributeMapItem>
                                <Name>EmailAddresses_BB_primary</Name>
                                <Type>simple</Type>
                                <Simple>EmailAddresses_BB_primary</Simple>
                            </AttributeMapItem>
                            <AttributeMapItem>
                                <Name>EmailAddresses_BUS</Name>
                                <Type>simple</Type>
                                <Simple>EmailAddresses_BUS</Simple>
                            </AttributeMapItem>
                            <AttributeMapItem>
                                <Name>EmailAddresses_BUS_primary</Name>
                                <Type>simple</Type>
                                <Simple>EmailAddresses_BUS_primary</Simple>
                            </AttributeMapItem>
                            <AttributeMapItem>
                                <Name>EmailAddresses_CAMP</Name>
                                <Type>simple</Type>
                                <Simple>EmailAddresses_CAMP</Simple>
                            </AttributeMapItem>
                            <AttributeMapItem>
                                <Name>EmailAddresses_CAMP_primary</Name>
                                <Type>simple</Type>
                                <Simple>EmailAddresses_CAMP_primary</Simple>
                            </AttributeMapItem>
                            <AttributeMapItem>
                                <Name>EmailAddresses_DORM</Name>
                                <Type>simple</Type>
                                <Simple>EmailAddresses_DORM</Simple>
                            </AttributeMapItem>
                            <AttributeMapItem>
                                <Name>EmailAddresses_DORM_primary</Name>
                                <Type>simple</Type>
                                <Simple>EmailAddresses_DORM_primary</Simple>
                            </AttributeMapItem>
                            <AttributeMapItem>
                                <Name>EmailAddresses_HOME</Name>
                                <Type>simple</Type>
                                <Simple>EmailAddresses_HOME</Simple>
                            </AttributeMapItem>
                            <AttributeMapItem>
                                <Name>EmailAddresses_HOME_primary</Name>
                                <Type>simple</Type>
                                <Simple>EmailAddresses_HOME_primary</Simple>
                            </AttributeMapItem>
                            <AttributeMapItem>
                                <Name>EmailAddresses_OTHR</Name>
                                <Type>simple</Type>
                                <Simple>EmailAddresses_OTHR</Simple>
                            </AttributeMapItem>
                            <AttributeMapItem>
                                <Name>EmailAddresses_OTHR_primary</Name>
                                <Type>simple</Type>
                                <Simple>EmailAddresses_OTHR_primary</Simple>
                            </AttributeMapItem>
                            <AttributeMapItem>
                                <Name>EmailAddresses_WORK</Name>
                                <Type>simple</Type>
                                <Simple>EmailAddresses_WORK</Simple>
                            </AttributeMapItem>
                            <AttributeMapItem>
                                <Name>EmailAddresses_WORK_primary</Name>
                                <Type>simple</Type>
                                <Simple>EmailAddresses_WORK_primary</Simple>
                            </AttributeMapItem>
                            <AttributeMapItem>
                                <Name>EmailUser</Name>
                                <Type>simple</Type>
                                <Simple>EmailUser</Simple>
                            </AttributeMapItem>
                            <AttributeMapItem>
                                <Name>ExpertEntry</Name>
                                <Type>simple</Type>
                                <Simple>ExpertEntry</Simple>
                            </AttributeMapItem>
                            <AttributeMapItem>
                                <Name>IDTypes</Name>
                                <Type>simple</Type>
                                <Simple>IDTypes</Simple>
                            </AttributeMapItem>
                            <AttributeMapItem>
                                <Name>IDTypes_CNT_SetID</Name>
                                <Type>advanced</Type>
                                <Script>work.IDTypes_CNT_SetID</Script>
                                <Simple>PSOPRALIAS_CNT_SetID</Simple>
                            </AttributeMapItem>
                            <AttributeMapItem>
                                <Name>IDTypes_CST_SetID</Name>
                                <Type>advanced</Type>
                                <Script>work.IDTypes_CST_SetID</Script>
                                <Simple>PSOPRALIAS_CST_SetID</Simple>
                            </AttributeMapItem>
                            <AttributeMapItem>
                                <Name>IDTypes_EMP_Empl ID</Name>
                                <Type>advanced</Type>
                                <Script>work["IDTypes_EMP_Empl ID"]</Script>
                                <Simple>PSOPRALIAS_EMP_Empl ID</Simple>
                            </AttributeMapItem>
                            <AttributeMapItem>
                                <Name>IDTypes_NON</Name>
                                <Type>advanced</Type>
                                <Script>work.IDTypes_NON</Script>
                                <Simple>PSOPRALIAS_NON</Simple>
                            </AttributeMapItem>
                            <AttributeMapItem>
                                <Name>IDTypes_VND_SetID</Name>
                                <Type>advanced</Type>
                                <Script>work.IDTypes_VND_SetID</Script>
                                <Simple>PSOPRALIAS_VND_SetID</Simple>
                            </AttributeMapItem>
                            <AttributeMapItem>
                                <Name>IDTypes_VND_Vendor ID</Name>
                                <Type>advanced</Type>
                                <Script>work["IDTypes_VND_Vendor ID"]</Script>
                                <Simple>PSOPRALIAS_VND_Vendor ID</Simple>
                            </AttributeMapItem>
                            <AttributeMapItem>
                                <Name>LanguageCode</Name>
                                <Type>simple</Type>
                                <Simple>LanguageCode</Simple>
                            </AttributeMapItem>
                            <AttributeMapItem>
                                <Name>LastUpdateDateTime</Name>
                                <Type>simple</Type>
                                <Simple>LastUpdateDateTime</Simple>
                            </AttributeMapItem>
                            <AttributeMapItem>
                                <Name>LastUpdateUserID</Name>
                                <Type>simple</Type>
                                <Simple>LastUpdateUserID</Simple>
                            </AttributeMapItem>
                            <AttributeMapItem>
                                <Name>NavigatorHomePermissionList</Name>
                                <Type>simple</Type>
                                <Simple>NavigatorHomePermissionList</Simple>
                            </AttributeMapItem>
                            <AttributeMapItem>
                                <Name>NoSymbolicIDWarning</Name>
                                <Type>simple</Type>
                                <Simple>NoSymbolicIDWarning</Simple>
                            </AttributeMapItem>
                            <AttributeMapItem>
                                <Name>Password</Name>
                                <Type>simple</Type>
                                <Simple>Password</Simple>
                            </AttributeMapItem>
                            <AttributeMapItem>
                                <Name>PasswordExpired</Name>
                                <Type>simple</Type>
                                <Simple>PasswordExpired</Simple>
                            </AttributeMapItem>
                            <AttributeMapItem>
                                <Name>PrimaryPermissionList</Name>
                                <Type>simple</Type>
                                <Simple>PrimaryPermissionList</Simple>
                            </AttributeMapItem>
                            <AttributeMapItem>
                                <Name>ProcessProfilePermissionList</Name>
                                <Type>simple</Type>
                                <Simple>ProcessProfilePermissionList</Simple>
                            </AttributeMapItem>
                            <AttributeMapItem>
                                <Name>ReassignUserID</Name>
                                <Type>simple</Type>
                                <Simple>ReassignUserID</Simple>
                            </AttributeMapItem>
                            <AttributeMapItem>
                                <Name>ReassignWork</Name>
                                <Type>simple</Type>
                                <Simple>ReassignWork</Simple>
                            </AttributeMapItem>
                            <AttributeMapItem>
                                <Name>RowSecurityPermissionList</Name>
                                <Type>simple</Type>
                                <Simple>RowSecurityPermissionList</Simple>
                            </AttributeMapItem>
                            <AttributeMapItem>
                                <Name>SupervisingUserID</Name>
                                <Type>simple</Type>
                                <Simple>SupervisingUserID</Simple>
                            </AttributeMapItem>
                            <AttributeMapItem>
                                <Name>SymbolicID</Name>
                                <Type>simple</Type>
                                <Simple>SymbolicID</Simple>
                            </AttributeMapItem>
                            <AttributeMapItem>
                                <Name>UserDescription</Name>
                                <Type>simple</Type>
                                <Simple>UserDescription</Simple>
                            </AttributeMapItem>
                            <AttributeMapItem>
                                <Name>UserID</Name>
                                <Type>simple</Type>
                                <Simple>UserID</Simple>
                            </AttributeMapItem>
                            <AttributeMapItem>
                                <Name>UserIDAlias</Name>
                                <Type>simple</Type>
                                <Simple>UserIDAlias</Simple>
                            </AttributeMapItem>
                            <AttributeMapItem>
                                <Name>WorkListEntriesCount</Name>
                                <Type>simple</Type>
                                <Simple>WorkListEntriesCount</Simple>
                            </AttributeMapItem>
                            <AttributeMapItem>
                                <Name>WorklistUser</Name>
                                <Type>simple</Type>
                                <Simple>WorklistUser</Simple>
                            </AttributeMapItem>
                            <AttributeMapItem>
                                <Name>roleNames</Name>
                                <Type>advanced</Type>
                                <Script>work.roleNames_MODS</Script>
                                <Simple>roles</Simple>
                            </AttributeMapItem>
                        </AttributeMap>
                        <DeltaSettings/>
                        <Schema name="Input">
                            <InheritFrom>[parent]</InheritFrom>
                            <SchemaItem>
                                <Name>AccountLocked</Name>
                                <Syntax>java.lang.String</Syntax>
                            </SchemaItem>
                            <SchemaItem>
                                <Name>AllowSwitchUser</Name>
                                <Syntax>java.lang.String</Syntax>
                            </SchemaItem>
                            <SchemaItem>
                                <Name>AlternateUserID</Name>
                                <Syntax>java.lang.String</Syntax>
                            </SchemaItem>
                            <SchemaItem>
                                <Name>ConfirmPassword</Name>
                                <Syntax>java.lang.String</Syntax>
                            </SchemaItem>
                            <SchemaItem>
                                <Name>CurrencyCode</Name>
                                <Syntax>java.lang.String</Syntax>
                            </SchemaItem>
                            <SchemaItem>
                                <Name>DefaultMobilePage</Name>
                                <Syntax>java.lang.String</Syntax>
                            </SchemaItem>
                            <SchemaItem>
                                <Name>EffectiveDateFrom</Name>
                                <Syntax>java.lang.String</Syntax>
                            </SchemaItem>
                            <SchemaItem>
                                <Name>EffectiveDateTo</Name>
                                <Syntax>java.lang.String</Syntax>
                            </SchemaItem>
                            <SchemaItem>
                                <Name>EmailAddresses</Name>
                                <Syntax>com.ibm.di.entry.Entry</Syntax>
                            </SchemaItem>
                            <SchemaItem>
                                <Name>EmailUser</Name>
                                <Syntax>java.lang.String</Syntax>
                            </SchemaItem>
                            <SchemaItem>
                                <Name>ExpertEntry</Name>
                                <Syntax>java.lang.String</Syntax>
                            </SchemaItem>
                            <SchemaItem>
                                <Name>IDTypes</Name>
                                <Syntax>com.ibm.di.entry.Entry</Syntax>
                            </SchemaItem>
                            <SchemaItem>
                                <Name>LanguageCode</Name>
                                <Syntax>java.lang.String</Syntax>
                            </SchemaItem>
                            <SchemaItem>
                                <Name>LastUpdateDateTime</Name>
                                <Syntax>java.lang.String</Syntax>
                            </SchemaItem>
                            <SchemaItem>
                                <Name>LastUpdateUserID</Name>
                                <Syntax>java.lang.String</Syntax>
                            </SchemaItem>
                            <SchemaItem>
                                <Name>NavigatorHomePermissionList</Name>
                                <Syntax>java.lang.String</Syntax>
                            </SchemaItem>
                            <SchemaItem>
                                <Name>NoSymbolicIDWarning</Name>
                                <Syntax>java.lang.String</Syntax>
                            </SchemaItem>
                            <SchemaItem>
                                <Name>Password</Name>
                                <Syntax>java.lang.String</Syntax>
                            </SchemaItem>
                            <SchemaItem>
                                <Name>PasswordExpired</Name>
                                <Syntax>java.lang.String</Syntax>
                            </SchemaItem>
                            <SchemaItem>
                                <Name>PrimaryPermissionList</Name>
                                <Syntax>java.lang.String</Syntax>
                            </SchemaItem>
                            <SchemaItem>
                                <Name>ProcessProfilePermissionList</Name>
                                <Syntax>java.lang.String</Syntax>
                            </SchemaItem>
                            <SchemaItem>
                                <Name>ReassignUserID</Name>
                                <Syntax>java.lang.String</Syntax>
                            </SchemaItem>
                            <SchemaItem>
                                <Name>ReassignWork</Name>
                                <Syntax>java.lang.String</Syntax>
                            </SchemaItem>
                            <SchemaItem>
                                <Name>Roles</Name>
                                <Syntax>com.ibm.di.entry.Entry</Syntax>
                            </SchemaItem>
                            <SchemaItem>
                                <Name>RowSecurityPermissionList</Name>
                                <Syntax>java.lang.String</Syntax>
                            </SchemaItem>
                            <SchemaItem>
                                <Name>SupervisingUserID</Name>
                                <Syntax>java.lang.String</Syntax>
                            </SchemaItem>
                            <SchemaItem>
                                <Name>SymbolicID</Name>
                                <Syntax>java.lang.String</Syntax>
                            </SchemaItem>
                            <SchemaItem>
                                <Name>UserDescription</Name>
                                <Syntax>java.lang.String</Syntax>
                            </SchemaItem>
                            <SchemaItem>
                                <Name>UserID</Name>
                                <Syntax>java.lang.String</Syntax>
                            </SchemaItem>
                            <SchemaItem>
                                <Name>UserIDAlias</Name>
                                <Syntax>java.lang.String</Syntax>
                            </SchemaItem>
                            <SchemaItem>
                                <Name>WorkListEntriesCount</Name>
                                <Syntax>java.lang.String</Syntax>
                            </SchemaItem>
                            <SchemaItem>
                                <Name>WorklistUser</Name>
                                <Syntax>java.lang.String</Syntax>
                            </SchemaItem>
                        </Schema>
                        <Schema name="Output">
                            <InheritFrom>[parent]</InheritFrom>
                            <SchemaItem>
                                <Name>AccountLocked</Name>
                                <NativeSyntax>LONG</NativeSyntax>
                            </SchemaItem>
                            <SchemaItem>
                                <Name>AllowSwitchUser</Name>
                                <NativeSyntax>LONG</NativeSyntax>
                            </SchemaItem>
                            <SchemaItem>
                                <Name>AlternateUserID</Name>
                                <NativeSyntax>STRING</NativeSyntax>
                            </SchemaItem>
                            <SchemaItem>
                                <Name>ConfirmPassword</Name>
                                <NativeSyntax>STRING</NativeSyntax>
                            </SchemaItem>
                            <SchemaItem>
                                <Name>CurrencyCode</Name>
                                <NativeSyntax>STRING</NativeSyntax>
                            </SchemaItem>
                            <SchemaItem>
                                <Name>DefaultMobilePage</Name>
                                <NativeSyntax>STRING</NativeSyntax>
                            </SchemaItem>
                            <SchemaItem>
                                <Name>EffectiveDateFrom</Name>
                                <NativeSyntax>DATE</NativeSyntax>
                            </SchemaItem>
                            <SchemaItem>
                                <Name>EffectiveDateTo</Name>
                                <NativeSyntax>DATE</NativeSyntax>
                            </SchemaItem>
                            <SchemaItem>
                                <Name>EmailAddresses</Name>
                                <NativeSyntax>STRING</NativeSyntax>
                            </SchemaItem>
                            <SchemaItem>
                                <Name>EmailUser</Name>
                                <NativeSyntax>STRING</NativeSyntax>
                            </SchemaItem>
                            <SchemaItem>
                                <Name>ExpertEntry</Name>
                                <NativeSyntax>LONG</NativeSyntax>
                            </SchemaItem>
                            <SchemaItem>
                                <Name>IDTypes</Name>
                                <NativeSyntax>STRING</NativeSyntax>
                            </SchemaItem>
                            <SchemaItem>
                                <Name>LanguageCode</Name>
                                <NativeSyntax>STRING</NativeSyntax>
                            </SchemaItem>
                            <SchemaItem>
                                <Name>LastUpdateDateTime</Name>
                                <NativeSyntax>DATETIME</NativeSyntax>
                            </SchemaItem>
                            <SchemaItem>
                                <Name>LastUpdateUserID</Name>
                                <NativeSyntax>STRING</NativeSyntax>
                            </SchemaItem>
                            <SchemaItem>
                                <Name>NavigatorHomePermissionList</Name>
                                <NativeSyntax>STRING</NativeSyntax>
                            </SchemaItem>
                            <SchemaItem>
                                <Name>NoSymbolicIDWarning</Name>
                                <NativeSyntax>STRING</NativeSyntax>
                            </SchemaItem>
                            <SchemaItem>
                                <Name>Password</Name>
                                <NativeSyntax>STRING</NativeSyntax>
                            </SchemaItem>
                            <SchemaItem>
                                <Name>PasswordExpired</Name>
                                <NativeSyntax>STRING</NativeSyntax>
                            </SchemaItem>
                            <SchemaItem>
                                <Name>PrimaryPermissionList</Name>
                                <NativeSyntax>STRING</NativeSyntax>
                            </SchemaItem>
                            <SchemaItem>
                                <Name>ProcessProfilePermissionList</Name>
                                <NativeSyntax>STRING</NativeSyntax>
                            </SchemaItem>
                            <SchemaItem>
                                <Name>ReassignUserID</Name>
                                <NativeSyntax>STRING</NativeSyntax>
                            </SchemaItem>
                            <SchemaItem>
                                <Name>ReassignWork</Name>
                                <NativeSyntax>STRING</NativeSyntax>
                            </SchemaItem>
                            <SchemaItem>
                                <Name>Roles</Name>
                                <NativeSyntax>STRING</NativeSyntax>
                            </SchemaItem>
                            <SchemaItem>
                                <Name>RowSecurityPermissionList</Name>
                                <NativeSyntax>STRING</NativeSyntax>
                            </SchemaItem>
                            <SchemaItem>
                                <Name>SupervisingUserID</Name>
                                <NativeSyntax>STRING</NativeSyntax>
                            </SchemaItem>
                            <SchemaItem>
                                <Name>SymbolicID</Name>
                                <NativeSyntax>STRING</NativeSyntax>
                            </SchemaItem>
                            <SchemaItem>
                                <Name>UserDescription</Name>
                                <NativeSyntax>STRING</NativeSyntax>
                            </SchemaItem>
                            <SchemaItem>
                                <Name>UserID</Name>
                                <NativeSyntax>STRING</NativeSyntax>
                            </SchemaItem>
                            <SchemaItem>
                                <Name>UserIDAlias</Name>
                                <NativeSyntax>STRING</NativeSyntax>
                            </SchemaItem>
                            <SchemaItem>
                                <Name>WorkListEntriesCount</Name>
                                <NativeSyntax>LONG</NativeSyntax>
                            </SchemaItem>
                            <SchemaItem>
                                <Name>WorklistUser</Name>
                                <NativeSyntax>STRING</NativeSyntax>
                            </SchemaItem>
                        </Schema>
                        <LinkCriteria>
                            <InheritFrom>[parent]</InheritFrom>
                            <LinkCriteriaItem>
                                <Key>12b5879ac20</Key>
                                <Attribute>UserID</Attribute>
                                <Operator>equals</Operator>
                                <Value>$nativeIdentity</Value>
                            </LinkCriteriaItem>
                        </LinkCriteria>
                        <Hooks>
                            <InheritFrom>[parent]</InheritFrom>
                        </Hooks>
                        <CheckpointConfig/>
                        <SandboxConfig/>
                        <Reconnect>
                            <InheritFrom>[parent]</InheritFrom>
                            <ReconnectRules/>
                        </Reconnect>
                        <Operations/>
                        <PoolDefinition>
                            <InheritFrom>[parent]</InheritFrom>
                        </PoolDefinition>
                        <PoolInstance/>
                        <InitializeOption>1</InitializeOption>
                    </Connector>
                    <ScriptCondition/>
                    <Conditions>
                        <BranchCondition>
                            <LeftHand>operation</LeftHand>
                            <Operator>equals</Operator>
                            <RightHand>Create</RightHand>
                            <MatchAny>false</MatchAny>
                        </BranchCondition>
                    </Conditions>
                    <MatchAny>false</MatchAny>
                    <Enabled>true</Enabled>
                    <Type>0</Type>
                </Branch>
                <Branch name="Operation is Modify">
                    <Connector name="Modify HRMS Entry">
                        <InheritFrom>system:/Connectors/PeopleSoftConnector</InheritFrom>
                        <ConnectorMode>Update</ConnectorMode>
                        <ConnectorState>Enabled</ConnectorState>
                        <Configuration>
                            <InheritFrom>[parent]</InheritFrom>
                            <parameter name="componentInterface">IIQ_USERS</parameter>
                            <parameter name="host">172.16.7.9</parameter>
                            <parameter name="port">9000</parameter>
                            <parameter name="user">PS</parameter>
                            <parameter name="password">PS</parameter>
                        </Configuration>
                        <Parser>
                            <InheritFrom>[parent]</InheritFrom>
                            <Schema name="Input">
                                <InheritFrom>[parent]</InheritFrom>
                            </Schema>
                            <Schema name="Output">
                                <InheritFrom>[parent]</InheritFrom>
                            </Schema>
                        </Parser>
                        <AttributeMap name="Input">
                            <InheritFrom>[parent]</InheritFrom>
                        </AttributeMap>
                        <AttributeMap name="Output">
                            <InheritFrom>[parent]</InheritFrom>
                            <AttributeMapItem>
                                <Name>AccountLocked</Name>
                                <Type>simple</Type>
                                <Simple>AccountLocked</Simple>
                            </AttributeMapItem>
                            <AttributeMapItem>
                                <Name>AllowSwitchUser</Name>
                                <Type>simple</Type>
                                <Simple>AllowSwitchUser</Simple>
                            </AttributeMapItem>
                            <AttributeMapItem>
                                <Name>AlternateUserID</Name>
                                <Type>simple</Type>
                                <Simple>AlternateUserID</Simple>
                            </AttributeMapItem>
                            <AttributeMapItem>
                                <Name>ConfirmPassword</Name>
                                <Type>simple</Type>
                                <Simple>ConfirmPassword</Simple>
                            </AttributeMapItem>
                            <AttributeMapItem>
                                <Name>CurrencyCode</Name>
                                <Type>simple</Type>
                                <Simple>CurrencyCode</Simple>
                            </AttributeMapItem>
                            <AttributeMapItem>
                                <Name>DefaultMobilePage</Name>
                                <Type>simple</Type>
                                <Simple>DefaultMobilePage</Simple>
                            </AttributeMapItem>
                            <AttributeMapItem>
                                <Name>EffectiveDateFrom</Name>
                                <Type>simple</Type>
                                <Simple>EffectiveDateFrom</Simple>
                            </AttributeMapItem>
                            <AttributeMapItem>
                                <Name>EffectiveDateTo</Name>
                                <Type>simple</Type>
                                <Simple>EffectiveDateTo</Simple>
                            </AttributeMapItem>
                            <AttributeMapItem>
                                <Name>EmailAddresses</Name>
                                <Type>simple</Type>
                                <Simple>EmailAddresses</Simple>
                            </AttributeMapItem>
                            <AttributeMapItem>
                                <Name>EmailUser</Name>
                                <Type>simple</Type>
                                <Simple>EmailUser</Simple>
                            </AttributeMapItem>
                            <AttributeMapItem>
                                <Name>ExpertEntry</Name>
                                <Type>simple</Type>
                                <Simple>ExpertEntry</Simple>
                            </AttributeMapItem>
                            <AttributeMapItem>
                                <Name>IDTypes</Name>
                                <Type>simple</Type>
                                <Simple>IDTypes</Simple>
                            </AttributeMapItem>
                            <AttributeMapItem>
                                <Name>IDTypes_CNT_SetID</Name>
                                <Type>simple</Type>
                                <Simple>IDTypes_CNT_SetID</Simple>
                            </AttributeMapItem>
                            <AttributeMapItem>
                                <Name>IDTypes_CST_SetID</Name>
                                <Type>simple</Type>
                                <Simple>IDTypes_CST_SetID</Simple>
                            </AttributeMapItem>
                            <AttributeMapItem>
                                <Name>IDTypes_EMP_Empl ID</Name>
                                <Type>simple</Type>
                                <Simple>IDTypes_EMP_Empl ID</Simple>
                            </AttributeMapItem>
                            <AttributeMapItem>
                                <Name>IDTypes_NON</Name>
                                <Type>simple</Type>
                                <Simple>IDTypes_NON</Simple>
                            </AttributeMapItem>
                            <AttributeMapItem>
                                <Name>IDTypes_VND_SetID</Name>
                                <Type>simple</Type>
                                <Simple>IDTypes_VND_SetID</Simple>
                            </AttributeMapItem>
                            <AttributeMapItem>
                                <Name>IDTypes_VND_Vendor ID</Name>
                                <Type>simple</Type>
                                <Simple>IDTypes_VND_Vendor ID</Simple>
                            </AttributeMapItem>
                            <AttributeMapItem>
                                <Name>LanguageCode</Name>
                                <Type>simple</Type>
                                <Simple>LanguageCode</Simple>
                            </AttributeMapItem>
                            <AttributeMapItem>
                                <Name>LastUpdateDateTime</Name>
                                <Type>simple</Type>
                                <Simple>LastUpdateDateTime</Simple>
                            </AttributeMapItem>
                            <AttributeMapItem>
                                <Name>LastUpdateUserID</Name>
                                <Type>simple</Type>
                                <Simple>LastUpdateUserID</Simple>
                            </AttributeMapItem>
                            <AttributeMapItem>
                                <Name>NavigatorHomePermissionList</Name>
                                <Type>simple</Type>
                                <Simple>NavigatorHomePermissionList</Simple>
                            </AttributeMapItem>
                            <AttributeMapItem>
                                <Name>NoSymbolicIDWarning</Name>
                                <Type>simple</Type>
                                <Simple>NoSymbolicIDWarning</Simple>
                            </AttributeMapItem>
                            <AttributeMapItem>
                                <Name>Password</Name>
                                <Type>simple</Type>
                                <Simple>Password</Simple>
                            </AttributeMapItem>
                            <AttributeMapItem>
                                <Name>PasswordExpired</Name>
                                <Type>simple</Type>
                                <Simple>PasswordExpired</Simple>
                            </AttributeMapItem>
                            <AttributeMapItem>
                                <Name>PrimaryPermissionList</Name>
                                <Type>simple</Type>
                                <Simple>PrimaryPermissionList</Simple>
                            </AttributeMapItem>
                            <AttributeMapItem>
                                <Name>ProcessProfilePermissionList</Name>
                                <Type>simple</Type>
                                <Simple>ProcessProfilePermissionList</Simple>
                            </AttributeMapItem>
                            <AttributeMapItem>
                                <Name>ReassignUserID</Name>
                                <Type>simple</Type>
                                <Simple>ReassignUserID</Simple>
                            </AttributeMapItem>
                            <AttributeMapItem>
                                <Name>ReassignWork</Name>
                                <Type>simple</Type>
                                <Simple>ReassignWork</Simple>
                            </AttributeMapItem>
                            <AttributeMapItem>
                                <Name>Roles</Name>
                                <Type>simple</Type>
                                <Simple>Roles</Simple>
                            </AttributeMapItem>
                            <AttributeMapItem>
                                <Name>RowSecurityPermissionList</Name>
                                <Type>simple</Type>
                                <Simple>RowSecurityPermissionList</Simple>
                            </AttributeMapItem>
                            <AttributeMapItem>
                                <Name>SupervisingUserID</Name>
                                <Type>simple</Type>
                                <Simple>SupervisingUserID</Simple>
                            </AttributeMapItem>
                            <AttributeMapItem>
                                <Name>SymbolicID</Name>
                                <Type>simple</Type>
                                <Simple>SymbolicID</Simple>
                            </AttributeMapItem>
                            <AttributeMapItem>
                                <Name>UserDescription</Name>
                                <Type>simple</Type>
                                <Simple>UserDescription</Simple>
                            </AttributeMapItem>
                            <AttributeMapItem>
                                <Name>UserID</Name>
                                <Type>simple</Type>
                                <Simple>UserID</Simple>
                            </AttributeMapItem>
                            <AttributeMapItem>
                                <Name>UserIDAlias</Name>
                                <Type>simple</Type>
                                <Simple>UserIDAlias</Simple>
                            </AttributeMapItem>
                            <AttributeMapItem>
                                <Name>WorkListEntriesCount</Name>
                                <Type>simple</Type>
                                <Simple>WorkListEntriesCount</Simple>
                            </AttributeMapItem>
                            <AttributeMapItem>
                                <Name>WorklistUser</Name>
                                <Type>simple</Type>
                                <Simple>WorklistUser</Simple>
                            </AttributeMapItem>
                            <AttributeMapItem>
                                <Name>roleNames</Name>
                                <Type>advanced</Type>
                                <Script>work.roleNames_MODS</Script>
                                <Simple>roleNames</Simple>
                            </AttributeMapItem>
                        </AttributeMap>
                        <DeltaSettings/>
                        <Schema name="Input">
                            <InheritFrom>[parent]</InheritFrom>
                        </Schema>
                        <Schema name="Output">
                            <InheritFrom>[parent]</InheritFrom>
                            <SchemaItem>
                                <Name>AccountLocked</Name>
                                <NativeSyntax>LONG</NativeSyntax>
                            </SchemaItem>
                            <SchemaItem>
                                <Name>AllowSwitchUser</Name>
                                <NativeSyntax>LONG</NativeSyntax>
                            </SchemaItem>
                            <SchemaItem>
                                <Name>AlternateUserID</Name>
                                <NativeSyntax>STRING</NativeSyntax>
                            </SchemaItem>
                            <SchemaItem>
                                <Name>ConfirmPassword</Name>
                                <NativeSyntax>STRING</NativeSyntax>
                            </SchemaItem>
                            <SchemaItem>
                                <Name>CurrencyCode</Name>
                                <NativeSyntax>STRING</NativeSyntax>
                            </SchemaItem>
                            <SchemaItem>
                                <Name>DefaultMobilePage</Name>
                                <NativeSyntax>STRING</NativeSyntax>
                            </SchemaItem>
                            <SchemaItem>
                                <Name>EffectiveDateFrom</Name>
                                <NativeSyntax>DATE</NativeSyntax>
                            </SchemaItem>
                            <SchemaItem>
                                <Name>EffectiveDateTo</Name>
                                <NativeSyntax>DATE</NativeSyntax>
                            </SchemaItem>
                            <SchemaItem>
                                <Name>EmailAddresses</Name>
                                <NativeSyntax>STRING</NativeSyntax>
                            </SchemaItem>
                            <SchemaItem>
                                <Name>EmailUser</Name>
                                <NativeSyntax>STRING</NativeSyntax>
                            </SchemaItem>
                            <SchemaItem>
                                <Name>ExpertEntry</Name>
                                <NativeSyntax>LONG</NativeSyntax>
                            </SchemaItem>
                            <SchemaItem>
                                <Name>IDTypes</Name>
                                <NativeSyntax>STRING</NativeSyntax>
                            </SchemaItem>
                            <SchemaItem>
                                <Name>LanguageCode</Name>
                                <NativeSyntax>STRING</NativeSyntax>
                            </SchemaItem>
                            <SchemaItem>
                                <Name>LastUpdateDateTime</Name>
                                <NativeSyntax>DATETIME</NativeSyntax>
                            </SchemaItem>
                            <SchemaItem>
                                <Name>LastUpdateUserID</Name>
                                <NativeSyntax>STRING</NativeSyntax>
                            </SchemaItem>
                            <SchemaItem>
                                <Name>NavigatorHomePermissionList</Name>
                                <NativeSyntax>STRING</NativeSyntax>
                            </SchemaItem>
                            <SchemaItem>
                                <Name>NoSymbolicIDWarning</Name>
                                <NativeSyntax>STRING</NativeSyntax>
                            </SchemaItem>
                            <SchemaItem>
                                <Name>Password</Name>
                                <NativeSyntax>STRING</NativeSyntax>
                            </SchemaItem>
                            <SchemaItem>
                                <Name>PasswordExpired</Name>
                                <NativeSyntax>STRING</NativeSyntax>
                            </SchemaItem>
                            <SchemaItem>
                                <Name>PrimaryPermissionList</Name>
                                <NativeSyntax>STRING</NativeSyntax>
                            </SchemaItem>
                            <SchemaItem>
                                <Name>ProcessProfilePermissionList</Name>
                                <NativeSyntax>STRING</NativeSyntax>
                            </SchemaItem>
                            <SchemaItem>
                                <Name>ReassignUserID</Name>
                                <NativeSyntax>STRING</NativeSyntax>
                            </SchemaItem>
                            <SchemaItem>
                                <Name>ReassignWork</Name>
                                <NativeSyntax>STRING</NativeSyntax>
                            </SchemaItem>
                            <SchemaItem>
                                <Name>Roles</Name>
                                <NativeSyntax>STRING</NativeSyntax>
                            </SchemaItem>
                            <SchemaItem>
                                <Name>RowSecurityPermissionList</Name>
                                <NativeSyntax>STRING</NativeSyntax>
                            </SchemaItem>
                            <SchemaItem>
                                <Name>SupervisingUserID</Name>
                                <NativeSyntax>STRING</NativeSyntax>
                            </SchemaItem>
                            <SchemaItem>
                                <Name>SymbolicID</Name>
                                <NativeSyntax>STRING</NativeSyntax>
                            </SchemaItem>
                            <SchemaItem>
                                <Name>UserDescription</Name>
                                <NativeSyntax>STRING</NativeSyntax>
                            </SchemaItem>
                            <SchemaItem>
                                <Name>UserID</Name>
                                <NativeSyntax>STRING</NativeSyntax>
                            </SchemaItem>
                            <SchemaItem>
                                <Name>UserIDAlias</Name>
                                <NativeSyntax>STRING</NativeSyntax>
                            </SchemaItem>
                            <SchemaItem>
                                <Name>WorkListEntriesCount</Name>
                                <NativeSyntax>LONG</NativeSyntax>
                            </SchemaItem>
                            <SchemaItem>
                                <Name>WorklistUser</Name>
                                <NativeSyntax>STRING</NativeSyntax>
                            </SchemaItem>
                        </Schema>
                        <LinkCriteria>
                            <InheritFrom>[parent]</InheritFrom>
                            <LinkCriteriaItem>
                                <Key>12c3560e7b8</Key>
                                <Attribute>UserID</Attribute>
                                <Operator>equals</Operator>
                                <Value>$nativeIdentity</Value>
                            </LinkCriteriaItem>
                        </LinkCriteria>
                        <Hooks>
                            <InheritFrom>[parent]</InheritFrom>
                            <Hook name="before_update">
                                <Name>before_update</Name>
                                <Script/>
                                <Enabled>false</Enabled>
                            </Hook>
                        </Hooks>
                        <CheckpointConfig/>
                        <SandboxConfig/>
                        <Reconnect>
                            <InheritFrom>[parent]</InheritFrom>
                            <ReconnectRules/>
                        </Reconnect>
                        <Operations/>
                        <PoolDefinition>
                            <InheritFrom>[parent]</InheritFrom>
                        </PoolDefinition>
                        <PoolInstance/>
                        <InitializeOption>1</InitializeOption>
                    </Connector>
                    <Conditions>
                        <BranchCondition>
                            <LeftHand>operation</LeftHand>
                            <Operator>equals</Operator>
                            <RightHand>Modify</RightHand>
                            <MatchAny>false</MatchAny>
                        </BranchCondition>
                    </Conditions>
                    <MatchAny>false</MatchAny>
                    <Enabled>true</Enabled>
                    <Type>1</Type>
                </Branch>
                <Conditions>
                    <BranchCondition>
                        <LeftHand>operation</LeftHand>
                        <Operator>equals</Operator>
                        <RightHand>Create</RightHand>
                        <MatchAny>false</MatchAny>
                    </BranchCondition>
                    <BranchCondition>
                        <LeftHand>operation</LeftHand>
                        <Operator>equals</Operator>
                        <RightHand>Modify</RightHand>
                        <MatchAny>false</MatchAny>
                    </BranchCondition>
                </Conditions>
                <MatchAny>true</MatchAny>
                <Enabled>true</Enabled>
                <Type>0</Type>
            </Branch>
            <Branch name="If Operation is Delete">
                <Connector name="Delete HRMS Entry">
                    <InheritFrom>system:/Connectors/PeopleSoftConnector</InheritFrom>
                    <ConnectorMode>Delete</ConnectorMode>
                    <ConnectorState>Enabled</ConnectorState>
                    <Configuration>
                        <InheritFrom>[parent]</InheritFrom>
                        <parameter name="componentInterface">IIQ_DEL_USER</parameter>
                        <parameter name="host">172.16.7.9</parameter>
                        <parameter name="port">9000</parameter>
                        <parameter name="user">PS</parameter>
                        <parameter name="password">PS</parameter>
                    </Configuration>
                    <Parser>
                        <InheritFrom>[parent]</InheritFrom>
                        <Schema name="Input">
                            <InheritFrom>[parent]</InheritFrom>
                        </Schema>
                        <Schema name="Output">
                            <InheritFrom>[parent]</InheritFrom>
                        </Schema>
                    </Parser>
                    <AttributeMap name="Input">
                        <InheritFrom>[parent]</InheritFrom>
                    </AttributeMap>
                    <AttributeMap name="Output">
                        <InheritFrom>[parent]</InheritFrom>
                    </AttributeMap>
                    <DeltaSettings/>
                    <Schema name="Input">
                        <InheritFrom>[parent]</InheritFrom>
                        <SchemaItem>
                            <Name/>
                            <NativeSyntax>STRING</NativeSyntax>
                        </SchemaItem>
                        <SchemaItem>
                            <Name>ACCTLOCK</Name>
                            <NativeSyntax>LONG</NativeSyntax>
                        </SchemaItem>
                        <SchemaItem>
                            <Name>ATTRNAME</Name>
                            <NativeSyntax>STRING</NativeSyntax>
                        </SchemaItem>
                        <SchemaItem>
                            <Name>ATTRVALUE</Name>
                            <NativeSyntax>STRING</NativeSyntax>
                        </SchemaItem>
                        <SchemaItem>
                            <Name>CURRENCY_CD</Name>
                            <NativeSyntax>STRING</NativeSyntax>
                        </SchemaItem>
                        <SchemaItem>
                            <Name>DEFAULTNAVHP</Name>
                            <NativeSyntax>STRING</NativeSyntax>
                        </SchemaItem>
                        <SchemaItem>
                            <Name>DESCR</Name>
                            <NativeSyntax>STRING</NativeSyntax>
                        </SchemaItem>
                        <SchemaItem>
                            <Name>DESCR100</Name>
                            <NativeSyntax>STRING</NativeSyntax>
                        </SchemaItem>
                        <SchemaItem>
                            <Name>DYNAMIC_SW</Name>
                            <NativeSyntax>STRING</NativeSyntax>
                        </SchemaItem>
                        <SchemaItem>
                            <Name>EFFDT_FROM</Name>
                            <NativeSyntax>DATE</NativeSyntax>
                        </SchemaItem>
                        <SchemaItem>
                            <Name>EFFDT_TO</Name>
                            <NativeSyntax>DATE</NativeSyntax>
                        </SchemaItem>
                        <SchemaItem>
                            <Name>EMAIL_USER_SW</Name>
                            <NativeSyntax>STRING</NativeSyntax>
                        </SchemaItem>
                        <SchemaItem>
                            <Name>EXPENT</Name>
                            <NativeSyntax>LONG</NativeSyntax>
                        </SchemaItem>
                        <SchemaItem>
                            <Name>FROM_DIR_RULE</Name>
                            <NativeSyntax>STRING</NativeSyntax>
                        </SchemaItem>
                        <SchemaItem>
                            <Name>FROM_PCODE_RULE</Name>
                            <NativeSyntax>STRING</NativeSyntax>
                        </SchemaItem>
                        <SchemaItem>
                            <Name>FROM_QUERY_RULE</Name>
                            <NativeSyntax>STRING</NativeSyntax>
                        </SchemaItem>
                        <SchemaItem>
                            <Name>LANGUAGE_CD</Name>
                            <NativeSyntax>STRING</NativeSyntax>
                        </SchemaItem>
                        <SchemaItem>
                            <Name>LASTUPDDTTM</Name>
                            <NativeSyntax>DATETIME</NativeSyntax>
                        </SchemaItem>
                        <SchemaItem>
                            <Name>LASTUPDOPRID</Name>
                            <NativeSyntax>STRING</NativeSyntax>
                        </SchemaItem>
                        <SchemaItem>
                            <Name>LDAPMAPNAME</Name>
                            <NativeSyntax>STRING</NativeSyntax>
                        </SchemaItem>
                        <SchemaItem>
                            <Name>MPDEFAULMP</Name>
                            <NativeSyntax>STRING</NativeSyntax>
                        </SchemaItem>
                        <SchemaItem>
                            <Name>NO_SYMBID_WARN</Name>
                            <NativeSyntax>STRING</NativeSyntax>
                        </SchemaItem>
                        <SchemaItem>
                            <Name>OPERPSWD</Name>
                            <NativeSyntax>STRING</NativeSyntax>
                        </SchemaItem>
                        <SchemaItem>
                            <Name>OPERPSWDCONF</Name>
                            <NativeSyntax>STRING</NativeSyntax>
                        </SchemaItem>
                        <SchemaItem>
                            <Name>OPRALIASTYPE</Name>
                            <NativeSyntax>STRING</NativeSyntax>
                        </SchemaItem>
                        <SchemaItem>
                            <Name>OPRCLASS</Name>
                            <NativeSyntax>STRING</NativeSyntax>
                        </SchemaItem>
                        <SchemaItem>
                            <Name>OPRDEFNDESC</Name>
                            <NativeSyntax>STRING</NativeSyntax>
                        </SchemaItem>
                        <SchemaItem>
                            <Name>OPRID</Name>
                            <NativeSyntax>STRING</NativeSyntax>
                        </SchemaItem>
                        <SchemaItem>
                            <Name>PRCSPRFLCLS</Name>
                            <NativeSyntax>STRING</NativeSyntax>
                        </SchemaItem>
                        <SchemaItem>
                            <Name>PROCESS_INSTANCE</Name>
                            <NativeSyntax>LONG</NativeSyntax>
                        </SchemaItem>
                        <SchemaItem>
                            <Name>PSWDEXPIRED</Name>
                            <NativeSyntax>STRING</NativeSyntax>
                        </SchemaItem>
                        <SchemaItem>
                            <Name>ROLENAME</Name>
                            <NativeSyntax>STRING</NativeSyntax>
                        </SchemaItem>
                        <SchemaItem>
                            <Name>ROLEUSER_ALT</Name>
                            <NativeSyntax>STRING</NativeSyntax>
                        </SchemaItem>
                        <SchemaItem>
                            <Name>ROLEUSER_ASSIGN_SW</Name>
                            <NativeSyntax>STRING</NativeSyntax>
                        </SchemaItem>
                        <SchemaItem>
                            <Name>ROLEUSER_REASSIGN</Name>
                            <NativeSyntax>STRING</NativeSyntax>
                        </SchemaItem>
                        <SchemaItem>
                            <Name>ROLEUSER_SUPR</Name>
                            <NativeSyntax>STRING</NativeSyntax>
                        </SchemaItem>
                        <SchemaItem>
                            <Name>ROWSECCLASS</Name>
                            <NativeSyntax>STRING</NativeSyntax>
                        </SchemaItem>
                        <SchemaItem>
                            <Name>RUN_CNTL_ID</Name>
                            <NativeSyntax>STRING</NativeSyntax>
                        </SchemaItem>
                        <SchemaItem>
                            <Name>SERVERNAME</Name>
                            <NativeSyntax>STRING</NativeSyntax>
                        </SchemaItem>
                        <SchemaItem>
                            <Name>SYMBOLICID</Name>
                            <NativeSyntax>STRING</NativeSyntax>
                        </SchemaItem>
                        <SchemaItem>
                            <Name>TOTAL_ROW_COUNT</Name>
                            <NativeSyntax>LONG</NativeSyntax>
                        </SchemaItem>
                        <SchemaItem>
                            <Name>USERIDALIAS</Name>
                            <NativeSyntax>STRING</NativeSyntax>
                        </SchemaItem>
                        <SchemaItem>
                            <Name>WORKLIST_USER_SW</Name>
                            <NativeSyntax>STRING</NativeSyntax>
                        </SchemaItem>
                    </Schema>
                    <Schema name="Output">
                        <InheritFrom>[parent]</InheritFrom>
                    </Schema>
                    <LinkCriteria>
                        <InheritFrom>[parent]</InheritFrom>
                        <AdvancedLinkMode>false</AdvancedLinkMode>
                        <LinkCriteriaItem>
                            <Key>12b52a2304e</Key>
                            <Attribute>UserID</Attribute>
                            <Operator>equals</Operator>
                            <Value>$nativeIdentity</Value>
                        </LinkCriteriaItem>
                    </LinkCriteria>
                    <Hooks>
                        <InheritFrom>[parent]</InheritFrom>
                        <Hook name="after_initialize">
                            <Name>after_initialize</Name>
                            <Script/>
                            <Enabled>false</Enabled>
                        </Hook>
                        <Hook name="after_lookup">
                            <Name>after_lookup</Name>
                            <Script/>
                            <Enabled>false</Enabled>
                        </Hook>
                        <Hook name="before_lookup">
                            <Name>before_lookup</Name>
                            <Script/>
                            <Enabled>false</Enabled>
                        </Hook>
                        <Hook name="delete_multiple">
                            <Name>delete_multiple</Name>
                            <Script/>
                            <Enabled>false</Enabled>
                        </Hook>
                        <Hook name="delete_nomatch">
                            <Name>delete_nomatch</Name>
                            <Script/>
                            <Enabled>false</Enabled>
                        </Hook>
                    </Hooks>
                    <CheckpointConfig/>
                    <SandboxConfig/>
                    <Reconnect>
                        <InheritFrom>[parent]</InheritFrom>
                        <ReconnectRules/>
                    </Reconnect>
                    <Operations/>
                    <PoolDefinition>
                        <InheritFrom>[parent]</InheritFrom>
                    </PoolDefinition>
                    <PoolInstance/>
                    <InitializeOption>1</InitializeOption>
                </Connector>
                <Conditions>
                    <BranchCondition>
                        <LeftHand>Operation</LeftHand>
                        <Operator>equals</Operator>
                        <RightHand>Delete</RightHand>
                        <MatchAny>false</MatchAny>
                    </BranchCondition>
                </Conditions>
                <MatchAny>false</MatchAny>
                <Enabled>true</Enabled>
                <Type>1</Type>
            </Branch>
            <Branch name="Operation is Enable">
                <Connector name="Enable HRMS Entry">
                    <InheritFrom>system:/Connectors/PeopleSoftConnector</InheritFrom>
                    <ConnectorMode>Update</ConnectorMode>
                    <ConnectorState>Enabled</ConnectorState>
                    <Configuration>
                        <InheritFrom>[parent]</InheritFrom>
                        <parameter name="componentInterface">IIQ_USERS</parameter>
                        <parameter name="host">172.16.7.9</parameter>
                        <parameter name="port">9000</parameter>
                        <parameter name="user">PS</parameter>
                        <parameter name="password">PS</parameter>
                    </Configuration>
                    <Parser>
                        <InheritFrom>[parent]</InheritFrom>
                        <Schema name="Input">
                            <InheritFrom>[parent]</InheritFrom>
                        </Schema>
                        <Schema name="Output">
                            <InheritFrom>[parent]</InheritFrom>
                        </Schema>
                    </Parser>
                    <AttributeMap name="Input">
                        <InheritFrom>[parent]</InheritFrom>
                    </AttributeMap>
                    <AttributeMap name="Output">
                        <InheritFrom>[parent]</InheritFrom>
                        <AttributeMapItem>
                            <Name>AccountLocked</Name>
                            <Type>advanced</Type>
                            <Add>false</Add>
                            <Modify>true</Modify>
                            <Script><![CDATA[// Enabling a PeopleSoft Entry happens by setting ACCTLOCK to 0.

var acctLck = "0";
var num = parseInt(acctLck);
var resultLck = num;

main.logmsg("DEBUG", "Setting user ACCTLOCK to: " + resultLck);

ret.value = new Number(resultLck).toString();]]></Script>
                            <Simple>ACCTLOCK_MODS</Simple>
                        </AttributeMapItem>
                    </AttributeMap>
                    <DeltaSettings/>
                    <Schema name="Input">
                        <InheritFrom>[parent]</InheritFrom>
                    </Schema>
                    <Schema name="Output">
                        <InheritFrom>[parent]</InheritFrom>
                        <SchemaItem>
                            <Name>AccountLocked</Name>
                            <NativeSyntax>LONG</NativeSyntax>
                        </SchemaItem>
                        <SchemaItem>
                            <Name>AllowSwitchUser</Name>
                            <NativeSyntax>LONG</NativeSyntax>
                        </SchemaItem>
                        <SchemaItem>
                            <Name>AlternateUserID</Name>
                            <NativeSyntax>STRING</NativeSyntax>
                        </SchemaItem>
                        <SchemaItem>
                            <Name>ConfirmPassword</Name>
                            <NativeSyntax>STRING</NativeSyntax>
                        </SchemaItem>
                        <SchemaItem>
                            <Name>CurrencyCode</Name>
                            <NativeSyntax>STRING</NativeSyntax>
                        </SchemaItem>
                        <SchemaItem>
                            <Name>DefaultMobilePage</Name>
                            <NativeSyntax>STRING</NativeSyntax>
                        </SchemaItem>
                        <SchemaItem>
                            <Name>EffectiveDateFrom</Name>
                            <NativeSyntax>DATE</NativeSyntax>
                        </SchemaItem>
                        <SchemaItem>
                            <Name>EffectiveDateTo</Name>
                            <NativeSyntax>DATE</NativeSyntax>
                        </SchemaItem>
                        <SchemaItem>
                            <Name>EmailAddresses</Name>
                            <NativeSyntax>STRING</NativeSyntax>
                        </SchemaItem>
                        <SchemaItem>
                            <Name>EmailUser</Name>
                            <NativeSyntax>STRING</NativeSyntax>
                        </SchemaItem>
                        <SchemaItem>
                            <Name>ExpertEntry</Name>
                            <NativeSyntax>LONG</NativeSyntax>
                        </SchemaItem>
                        <SchemaItem>
                            <Name>IDTypes</Name>
                            <NativeSyntax>STRING</NativeSyntax>
                        </SchemaItem>
                        <SchemaItem>
                            <Name>LanguageCode</Name>
                            <NativeSyntax>STRING</NativeSyntax>
                        </SchemaItem>
                        <SchemaItem>
                            <Name>LastUpdateDateTime</Name>
                            <NativeSyntax>DATETIME</NativeSyntax>
                        </SchemaItem>
                        <SchemaItem>
                            <Name>LastUpdateUserID</Name>
                            <NativeSyntax>STRING</NativeSyntax>
                        </SchemaItem>
                        <SchemaItem>
                            <Name>NavigatorHomePermissionList</Name>
                            <NativeSyntax>STRING</NativeSyntax>
                        </SchemaItem>
                        <SchemaItem>
                            <Name>NoSymbolicIDWarning</Name>
                            <NativeSyntax>STRING</NativeSyntax>
                        </SchemaItem>
                        <SchemaItem>
                            <Name>Password</Name>
                            <NativeSyntax>STRING</NativeSyntax>
                        </SchemaItem>
                        <SchemaItem>
                            <Name>PasswordExpired</Name>
                            <NativeSyntax>STRING</NativeSyntax>
                        </SchemaItem>
                        <SchemaItem>
                            <Name>PrimaryPermissionList</Name>
                            <NativeSyntax>STRING</NativeSyntax>
                        </SchemaItem>
                        <SchemaItem>
                            <Name>ProcessProfilePermissionList</Name>
                            <NativeSyntax>STRING</NativeSyntax>
                        </SchemaItem>
                        <SchemaItem>
                            <Name>ReassignUserID</Name>
                            <NativeSyntax>STRING</NativeSyntax>
                        </SchemaItem>
                        <SchemaItem>
                            <Name>ReassignWork</Name>
                            <NativeSyntax>STRING</NativeSyntax>
                        </SchemaItem>
                        <SchemaItem>
                            <Name>Roles</Name>
                            <NativeSyntax>STRING</NativeSyntax>
                        </SchemaItem>
                        <SchemaItem>
                            <Name>RowSecurityPermissionList</Name>
                            <NativeSyntax>STRING</NativeSyntax>
                        </SchemaItem>
                        <SchemaItem>
                            <Name>SupervisingUserID</Name>
                            <NativeSyntax>STRING</NativeSyntax>
                        </SchemaItem>
                        <SchemaItem>
                            <Name>SymbolicID</Name>
                            <NativeSyntax>STRING</NativeSyntax>
                        </SchemaItem>
                        <SchemaItem>
                            <Name>UserDescription</Name>
                            <NativeSyntax>STRING</NativeSyntax>
                        </SchemaItem>
                        <SchemaItem>
                            <Name>UserID</Name>
                            <NativeSyntax>STRING</NativeSyntax>
                        </SchemaItem>
                        <SchemaItem>
                            <Name>UserIDAlias</Name>
                            <NativeSyntax>STRING</NativeSyntax>
                        </SchemaItem>
                        <SchemaItem>
                            <Name>WorkListEntriesCount</Name>
                            <NativeSyntax>LONG</NativeSyntax>
                        </SchemaItem>
                        <SchemaItem>
                            <Name>WorklistUser</Name>
                            <NativeSyntax>STRING</NativeSyntax>
                        </SchemaItem>
                    </Schema>
                    <LinkCriteria>
                        <InheritFrom>[parent]</InheritFrom>
                        <LinkCriteriaItem>
                            <Key>12b52ce2209</Key>
                            <Attribute>UserID</Attribute>
                            <Operator>equals</Operator>
                            <Value>$nativeIdentity</Value>
                        </LinkCriteriaItem>
                    </LinkCriteria>
                    <Hooks>
                        <InheritFrom>[parent]</InheritFrom>
                        <Hook name="before_update">
                            <Name>before_update</Name>
                            <Script/>
                            <Enabled>false</Enabled>
                        </Hook>
                    </Hooks>
                    <CheckpointConfig/>
                    <SandboxConfig/>
                    <Reconnect>
                        <InheritFrom>[parent]</InheritFrom>
                        <ReconnectRules/>
                    </Reconnect>
                    <Operations/>
                    <PoolDefinition>
                        <InheritFrom>[parent]</InheritFrom>
                    </PoolDefinition>
                    <PoolInstance/>
                    <InitializeOption>1</InitializeOption>
                </Connector>
                <Conditions>
                    <BranchCondition>
                        <LeftHand>operation</LeftHand>
                        <Operator>equals</Operator>
                        <RightHand>Enable</RightHand>
                        <MatchAny>false</MatchAny>
                    </BranchCondition>
                </Conditions>
                <MatchAny>false</MatchAny>
                <Enabled>true</Enabled>
                <Type>1</Type>
            </Branch>
            <Branch name="Operation is Disable">
                <Connector name="Disable HRMS Entry">
                    <InheritFrom>system:/Connectors/PeopleSoftConnector</InheritFrom>
                    <ConnectorMode>Update</ConnectorMode>
                    <ConnectorState>Enabled</ConnectorState>
                    <Configuration>
                        <InheritFrom>[parent]</InheritFrom>
                        <parameter name="componentInterface">IIQ_USERS</parameter>
                        <parameter name="host">172.16.7.9</parameter>
                        <parameter name="port">9000</parameter>
                        <parameter name="user">PS</parameter>
                        <parameter name="password">PS</parameter>
                    </Configuration>
                    <Parser>
                        <InheritFrom>[parent]</InheritFrom>
                        <Schema name="Input">
                            <InheritFrom>[parent]</InheritFrom>
                        </Schema>
                        <Schema name="Output">
                            <InheritFrom>[parent]</InheritFrom>
                        </Schema>
                    </Parser>
                    <AttributeMap name="Input">
                        <InheritFrom>[parent]</InheritFrom>
                    </AttributeMap>
                    <AttributeMap name="Output">
                        <InheritFrom>[parent]</InheritFrom>
                        <AttributeMapItem>
                            <Name>AccountLocked</Name>
                            <Type>advanced</Type>
                            <Enabled>true</Enabled>
                            <Add>true</Add>
                            <Modify>true</Modify>
                            <Script><![CDATA[// Disabling a PeopleSoft Entry happens by setting ACCTLOCK to 0.

var acctLck = "1";
var num = parseInt(acctLck);
var resultLck = num;

main.logmsg("DEBUG", "Setting user ACCTLOCK to: " + resultLck);

ret.value = new Number(resultLck).toString();]]></Script>
                            <Simple>ACCTLOCK</Simple>
                        </AttributeMapItem>
                    </AttributeMap>
                    <DeltaSettings/>
                    <Schema name="Input">
                        <InheritFrom>[parent]</InheritFrom>
                    </Schema>
                    <Schema name="Output">
                        <InheritFrom>[parent]</InheritFrom>
                        <SchemaItem>
                            <Name>AccountLocked</Name>
                            <NativeSyntax>LONG</NativeSyntax>
                        </SchemaItem>
                        <SchemaItem>
                            <Name>AllowSwitchUser</Name>
                            <NativeSyntax>LONG</NativeSyntax>
                        </SchemaItem>
                        <SchemaItem>
                            <Name>AlternateUserID</Name>
                            <NativeSyntax>STRING</NativeSyntax>
                        </SchemaItem>
                        <SchemaItem>
                            <Name>ConfirmPassword</Name>
                            <NativeSyntax>STRING</NativeSyntax>
                        </SchemaItem>
                        <SchemaItem>
                            <Name>CurrencyCode</Name>
                            <NativeSyntax>STRING</NativeSyntax>
                        </SchemaItem>
                        <SchemaItem>
                            <Name>DefaultMobilePage</Name>
                            <NativeSyntax>STRING</NativeSyntax>
                        </SchemaItem>
                        <SchemaItem>
                            <Name>EffectiveDateFrom</Name>
                            <NativeSyntax>DATE</NativeSyntax>
                        </SchemaItem>
                        <SchemaItem>
                            <Name>EffectiveDateTo</Name>
                            <NativeSyntax>DATE</NativeSyntax>
                        </SchemaItem>
                        <SchemaItem>
                            <Name>EmailAddresses</Name>
                            <NativeSyntax>STRING</NativeSyntax>
                        </SchemaItem>
                        <SchemaItem>
                            <Name>EmailUser</Name>
                            <NativeSyntax>STRING</NativeSyntax>
                        </SchemaItem>
                        <SchemaItem>
                            <Name>ExpertEntry</Name>
                            <NativeSyntax>LONG</NativeSyntax>
                        </SchemaItem>
                        <SchemaItem>
                            <Name>IDTypes</Name>
                            <NativeSyntax>STRING</NativeSyntax>
                        </SchemaItem>
                        <SchemaItem>
                            <Name>LanguageCode</Name>
                            <NativeSyntax>STRING</NativeSyntax>
                        </SchemaItem>
                        <SchemaItem>
                            <Name>LastUpdateDateTime</Name>
                            <NativeSyntax>DATETIME</NativeSyntax>
                        </SchemaItem>
                        <SchemaItem>
                            <Name>LastUpdateUserID</Name>
                            <NativeSyntax>STRING</NativeSyntax>
                        </SchemaItem>
                        <SchemaItem>
                            <Name>NavigatorHomePermissionList</Name>
                            <NativeSyntax>STRING</NativeSyntax>
                        </SchemaItem>
                        <SchemaItem>
                            <Name>NoSymbolicIDWarning</Name>
                            <NativeSyntax>STRING</NativeSyntax>
                        </SchemaItem>
                        <SchemaItem>
                            <Name>Password</Name>
                            <NativeSyntax>STRING</NativeSyntax>
                        </SchemaItem>
                        <SchemaItem>
                            <Name>PasswordExpired</Name>
                            <NativeSyntax>STRING</NativeSyntax>
                        </SchemaItem>
                        <SchemaItem>
                            <Name>PrimaryPermissionList</Name>
                            <NativeSyntax>STRING</NativeSyntax>
                        </SchemaItem>
                        <SchemaItem>
                            <Name>ProcessProfilePermissionList</Name>
                            <NativeSyntax>STRING</NativeSyntax>
                        </SchemaItem>
                        <SchemaItem>
                            <Name>ReassignUserID</Name>
                            <NativeSyntax>STRING</NativeSyntax>
                        </SchemaItem>
                        <SchemaItem>
                            <Name>ReassignWork</Name>
                            <NativeSyntax>STRING</NativeSyntax>
                        </SchemaItem>
                        <SchemaItem>
                            <Name>Roles</Name>
                            <NativeSyntax>STRING</NativeSyntax>
                        </SchemaItem>
                        <SchemaItem>
                            <Name>RowSecurityPermissionList</Name>
                            <NativeSyntax>STRING</NativeSyntax>
                        </SchemaItem>
                        <SchemaItem>
                            <Name>SupervisingUserID</Name>
                            <NativeSyntax>STRING</NativeSyntax>
                        </SchemaItem>
                        <SchemaItem>
                            <Name>SymbolicID</Name>
                            <NativeSyntax>STRING</NativeSyntax>
                        </SchemaItem>
                        <SchemaItem>
                            <Name>UserDescription</Name>
                            <NativeSyntax>STRING</NativeSyntax>
                        </SchemaItem>
                        <SchemaItem>
                            <Name>UserID</Name>
                            <NativeSyntax>STRING</NativeSyntax>
                        </SchemaItem>
                        <SchemaItem>
                            <Name>UserIDAlias</Name>
                            <NativeSyntax>STRING</NativeSyntax>
                        </SchemaItem>
                        <SchemaItem>
                            <Name>WorkListEntriesCount</Name>
                            <NativeSyntax>LONG</NativeSyntax>
                        </SchemaItem>
                        <SchemaItem>
                            <Name>WorklistUser</Name>
                            <NativeSyntax>STRING</NativeSyntax>
                        </SchemaItem>
                    </Schema>
                    <LinkCriteria>
                        <InheritFrom>[parent]</InheritFrom>
                        <LinkCriteriaItem>
                            <Key>12b52ce606a</Key>
                            <Attribute>UserID</Attribute>
                            <Operator>equals</Operator>
                            <Value>$nativeIdentity</Value>
                        </LinkCriteriaItem>
                    </LinkCriteria>
                    <Hooks>
                        <InheritFrom>[parent]</InheritFrom>
                    </Hooks>
                    <CheckpointConfig/>
                    <SandboxConfig/>
                    <Reconnect>
                        <InheritFrom>[parent]</InheritFrom>
                        <ReconnectRules/>
                    </Reconnect>
                    <Operations/>
                    <PoolDefinition>
                        <InheritFrom>[parent]</InheritFrom>
                    </PoolDefinition>
                    <PoolInstance/>
                    <InitializeOption>1</InitializeOption>
                </Connector>
                <Conditions>
                    <BranchCondition>
                        <LeftHand>operation</LeftHand>
                        <Operator>equals</Operator>
                        <RightHand>Disable</RightHand>
                        <MatchAny>false</MatchAny>
                    </BranchCondition>
                </Conditions>
                <MatchAny>false</MatchAny>
                <Enabled>true</Enabled>
                <Type>1</Type>
            </Branch>
            <Branch name="Unhandle Operation">
                <Script name="Unhandled_Operation">
                    <parameter name="script"><![CDATA[// It seems the operation requested is not supported.
var msg = "Account request operation '" + work.getString("operation") + "' is not handled by the PeopleSoft Connector.";
work.setAttribute("provisioningSuccessful", new Boolean(false));
work.addAttributeValue("provisioningErrors", msg);]]></parameter>
                </Script>
                <Conditions/>
                <MatchAny>false</MatchAny>
                <Enabled>true</Enabled>
                <Type>2</Type>
            </Branch>
        </ContainerDF>
        <ThreadOptions/>
        <Operations/>
        <InitParams>
            <Schema name="AssemblyLineInitParams"/>
        </InitParams>
    </AssemblyLine>
</MetamergeConfig>