<ConnectorGateway>
	
	<SM>
		<!-- Agent Hostname or IP Address-->
		<hostname></hostname>

		<!-- Agent port number-->
		<port></port>

		<!--Use in case of agents only where ebcdic conversion is required. Default value is IBM1047 -->
		<characterSet></characterSet>
	</SM>

	<Server>
		<!-- Connector Gateway port number-->
		<port></port>
		
		<!-- Delay(in seconds) between two retry attempts while connecting to Agent-->
		<sm_connect_retry>3</sm_connect_retry>

	</Server>

</ConnectorGateway>