
<!DOCTYPE sailpoint PUBLIC "sailpoint.dtd" "sailpoint.dtd">

<!-- (c) Copyright 2008 SailPoint Technologies, Inc., All Rights Reserved. -->

<sailpoint>

<Application connector="sailpoint.connector.NTConnector" 
             featuresString="MANAGER_LOOKUP"
             name="Windows Local" 
             type="Windows NT Connector">
  <Attributes>
    <Map>
      <entry key="IQServiceHost" value="snorkel.test.sailpoint.com"/>
      <entry key="IQServicePort" value="5050"/>
      <entry key="server" value="SNORKELAD"/>
      <entry key="user" value="Administrator"/>
      <entry key="password" value="1:QKvJ4EBenB+C7rqUJF6wog=="/>
      <entry key="pageSize" value="100"/>
    </Map>
  </Attributes>
  <Schemas>
    <Schema displayAttribute="sAMAccountName" identityAttribute="sAMAccountName" nativeObjectType="user" objectType="account">
      <AttributeDefinition name="AutoUnlockInterval" type="string">
        <Description></Description>
      </AttributeDefinition>
      <AttributeDefinition name="Disabled" type="string">
        <Description>Flag to indicate if the user is disabled.</Description>
      </AttributeDefinition>
      <AttributeDefinition name="Description" type="string">
        <Description>User's description</Description>
      </AttributeDefinition>
      <AttributeDefinition name="DirectoryPath" type="string">
        <Description>Fully qualified directory path WinNt://...</Description>
      </AttributeDefinition>
      <AttributeDefinition name="FullName" type="string">
        <Description>User's fullname</Description>
      </AttributeDefinition>
      <AttributeDefinition entitlement="true" multi="true" name="LocalGroups" type="string"/>
      <AttributeDefinition entitlement="true" multi="true" name="GlobalGroups" type="string"/>
      <AttributeDefinition multi="true" name="groups" type="string">
        <Description>List of groups assigned to a user</Description>
      </AttributeDefinition>
      <AttributeDefinition name="HomeDirectory" type="string">
        <Description>Location of the user's home directory</Description>
      </AttributeDefinition>
      <AttributeDefinition name="Lockedout" type="string">
        <Description>Flag to indicate a user is locked out</Description>
      </AttributeDefinition>
      <AttributeDefinition name="MaxStorage" type="string">
        <Description>The maximum amount of disk space the user can use.</Description>
      </AttributeDefinition>
      <AttributeDefinition name="MinPasswordLength" type="string">
        <Description>Minimum length of the user's password</Description>
      </AttributeDefinition>
      <AttributeDefinition name="Name" type="string">
        <Description>Name of the account unqualified SAMAccountName</Description>
      </AttributeDefinition>
      <AttributeDefinition name="objectSid" type="string">
        <Description>Windows SID</Description>
      </AttributeDefinition>
      <AttributeDefinition name="PasswordExpired" type="string">
        <Description>Indicates if the password is expired</Description>
      </AttributeDefinition>
      <AttributeDefinition name="PasswordNotRequired" type="string">
        <Description>Flag to indicate if the user requires a password.</Description>
      </AttributeDefinition>
      <AttributeDefinition name="PasswordUnchangeable" type="string">
        <Description>Flag to indicate if the user password can be changed.</Description>
      </AttributeDefinition>
      <AttributeDefinition name="Profile" type="string">
        <Description>User's Profile</Description>
      </AttributeDefinition>
      <AttributeDefinition name="PrimaryGroupID" type="string">
        <Description>Id of the user's primary group.</Description>
      </AttributeDefinition>
      <AttributeDefinition name="sAMAccountName" type="string">
        <Description>Fully qualified version of the sAMAccountName</Description>
      </AttributeDefinition>
      <AttributeDefinition name="UserFlags" type="string">
        <Description>User Flag defined in ADS_USER_FLAG_ENUM</Description>
      </AttributeDefinition>
      <AttributeDefinition name="accountStates" multiValued='true' type="string"/>
    </Schema>
    <Schema displayAttribute="sAMAccountName" identityAttribute="sAMAccountName" nativeObjectType="group" objectType="group">
      <AttributeDefinition name="Description" type="string">
        <Description>User's description</Description>
      </AttributeDefinition>
      <AttributeDefinition name="DirectoryPath" type="string">
        <Description>Fully qualified directory path WinNt://...</Description>
      </AttributeDefinition>
      <AttributeDefinition name="GroupType" type="string">
        <Description>Windows SID</Description>
      </AttributeDefinition>
      <AttributeDefinition multi="true" name="Members" type="string">
        <Description>List of users assigned to a group</Description>
      </AttributeDefinition>
      <AttributeDefinition multi="true" name="GroupMembers" type="string">
        <Description>List of groupsassigned to a group</Description>
      </AttributeDefinition>
      <AttributeDefinition name="objectSid" type="string">
        <Description>Windows SID</Description>
      </AttributeDefinition>
      <AttributeDefinition name="sAMAccountName" type="string">
        <Description>Fully qualified version of the sAMAccountName</Description>
      </AttributeDefinition>
    </Schema>
  </Schemas>

  <Templates>
    <Template name="account">
      <Field displayName="UserName" name="UserName" required="true" type="string"/>
      <Field name="Password" required="true" type="string"/>
      <Field name="AccountComment" required="true" type="string"/>
    </Template>
  </Templates>

</Application>

</sailpoint>
