<?xml version='1.0' encoding='UTF-8'?>
<!DOCTYPE sailpoint PUBLIC "sailpoint.dtd" "sailpoint.dtd">

<sailpoint>

<CorrelationConfig name="Username or fullname matches identity name">
  <AttributeAssignments>
    <Filter operation="EQ" property="name" value="username"/>
    <Filter operation="EQ" property="displayName" value="username"/>
    <Filter operation="EQ" property="name" value="fullname"/>
    <Filter operation="EQ" property="displayName" value="fullname"/>
  </AttributeAssignments>
</CorrelationConfig>

<Rule language="beanshell" name="Set HR Account Status Attributes" type="ResourceObjectCustomization">
  <Description>
    Customize an HR resource object to add the IIQDisabled and IIQLocked attributes.
  </Description>
  <Signature returnType="ResourceObject">
    <Inputs>
      <Argument name="log">
        <Description>
          The log object associated with the SailPointContext.
        </Description>
      </Argument>
      <Argument name="context">
        <Description>
          A sailpoint.api.SailPointContext object that can be used to query the database if necessary.
        </Description>
      </Argument>
      <Argument name="object">
        <Description>
          The ResourceObject built by the connector.
        </Description>
      </Argument>
      <Argument name="application">
        <Description>
          Application that references the connector.
        </Description>
      </Argument>
      <Argument name="connector">
        <Description>
          The connector object.
        </Description>
      </Argument>
    </Inputs>
    <Returns>
      <Argument name="resourceObject">
        <Description>
          The updated resource object.
        </Description>
      </Argument>
    </Returns>
  </Signature>
  <Source>
    String lockedStatus = (String) object.getStringAttribute("locked");
    String disabledStatus = (String) object.getStringAttribute("disabled");

    if (lockedStatus.equals("1")) {
        object.put("IIQLocked", true);
    }

    if (disabledStatus.equals("1")) {
        object.put("IIQDisabled", true);
    }

    return object;
  </Source>
</Rule>

<Application connector="sailpoint.connector.JDBCConnector" featuresString="DISCOVER_SCHEMA" name="JDBC Stored Proc" profileClass="" type="JDBC">
  <AccountCorrelationConfig>
    <Reference class="sailpoint.object.CorrelationConfig" name="Username or fullname matches identity name"/>
  </AccountCorrelationConfig>
  <Attributes>
    <Map>
      <entry key="SQL" value="select * from hr.dbo.users"/>
      <entry key="compositeDefinition" value=""/>
      <entry key="driverClass" value="net.sourceforge.jtds.jdbc.Driver"/>
      <entry key="getObjectSQL" value="select * from hr.dbo.users where username = &apos;$(identity)&apos;"/>
      <entry key="mergeRows">
        <value>
          <Boolean></Boolean>
        </value>
      </entry>
      <entry key="password" value="1:7qu+XvQvQHsmirRAPzhCBw=="/>
      <entry key="url" value="jdbc:jtds:sybase://speedboat.sailpoint.com:5000/"/>
      <entry key="useExecuteQuery">
        <value>
          <Boolean></Boolean>
        </value>
      </entry>
      <entry key="user" value="sa"/>
    </Map>
  </Attributes>
  <CustomizationRule>
    <Reference class="sailpoint.object.Rule" name="Set HR Account Status Attributes"/>
  </CustomizationRule>
  <Owner>
    <Reference class="sailpoint.object.Identity" name="spadmin"/>
  </Owner>
  <Schemas>
    <Schema displayAttribute="fullname" identityAttribute="username" instanceAttribute="" nativeObjectType="account" objectType="account">
      <AttributeDefinition name="username" remediationModificationType="None" type="string"/>
      <AttributeDefinition name="firstname" remediationModificationType="None" type="string"/>
      <AttributeDefinition name="lastname" remediationModificationType="None" type="string"/>
      <AttributeDefinition name="fullname" remediationModificationType="None" type="string"/>
      <AttributeDefinition name="email" remediationModificationType="None" type="string"/>
      <AttributeDefinition name="groups" remediationModificationType="None" type="string"/>
      <AttributeDefinition name="disabled" remediationModificationType="None" type="string"/>
      <AttributeDefinition name="locked" remediationModificationType="None" type="string"/>
      <AttributeDefinition name="passwd" remediationModificationType="None" type="string"/>
    </Schema>
  </Schemas>
  <Templates>
    <Template name="account">
      <Field displayName="accountId" name="accountId" reviewRequired="true" type="string">
        <Script>
          <Source>return identity.getFirstname().toLowerCase().charAt(0) + identity.getLastname().toLowerCase();</Source>
        </Script>
      </Field>
      <Field displayName="firstname" name="firstname" reviewRequired="true" type="string">
        <Script>
          <Source>return identity.getFirstname();</Source>
        </Script>
      </Field>
      <Field displayName="lastname" name="lastname" reviewRequired="true" type="string">
        <Script>
          <Source>return identity.getLastname();</Source>
        </Script>
      </Field>
      <Field displayName="fullname" name="fullname" reviewRequired="true" type="string">
        <Script>
          <Source>return identity.getFullName();</Source>
        </Script>
      </Field>
      <Field displayName="email" name="email" reviewRequired="true" type="string">
        <Script>
          <Source>String email = identity.getEmail();

if (null == email) {
 email = identity.getFirstname().toLowerCase().charAt(0) + identity.getLastname().toLowerCase() + "@example.com";
}

return email;</Source>
        </Script>
      </Field>
      <Field displayName="password" name="password" reviewRequired="true" type="secret"/>
      <Field displayName="disabled" name="disabled" reviewRequired="true" type="int" value="0"/>
      <Field displayName="locked" name="locked" reviewRequired="true" type="int" value="0"/>
    </Template>
  </Templates>
</Application>

</sailpoint>