<?xml version="1.0" encoding="UTF-8"?>
<MetamergeConfig IDIversion="Created by TDI7.0 - 2010-06-16" created="Wed Sep 01 16:19:16 CDT 2010" createdBy="Administrator" modified="Wed Sep 01 16:19:16 CDT 2010" modifiedBy="Administrator" version="7.0">
    <Folder name="AssemblyLines">
        <AssemblyLine name="Sybase Stored Proc">
            <Settings>
                <parameter name="ALPoolSettingsDialog">showALPoolSettings</parameter>
                <parameter name="automapattributes">false</parameter>
                <parameter name="createTombstones">false</parameter>
                <parameter name="debug">false</parameter>
                <parameter name="includeGlobalPrologs">true</parameter>
                <parameter name="includePrologs"/>
                <parameter name="nullBehaviorDialog">showNullBehavior</parameter>
            </Settings>
            <Hooks>
                <Hook name="onfailure">
                    <Name>onfailure</Name>
                    <Script>onFailureHook();</Script>
                    <Enabled>true</Enabled>
                    <DebugBreak>false</DebugBreak>
                </Hook>
                <Hook name="onsuccess">
                    <Name>onsuccess</Name>
                    <Script>onSuccessHook();</Script>
                    <Enabled>true</Enabled>
                </Hook>
            </Hooks>
            <CheckpointConfig/>
            <SandboxConfig/>
            <SimulationConfig>
                <SimulationStates>
                    <Component name="Sybase" state="Simulated"/>
                    <Component name="IF create or modify" state="Enabled"/>
                    <Component name="Load HR account with stored proc" state="Enabled"/>
                    <Component name="IF account does not exist" state="Enabled"/>
                    <Component name="set default account attributes" state="Enabled"/>
                    <Component name="Map passwd" state="Enabled"/>
                    <Component name="applyAccountRequest" state="Enabled"/>
                    <Component name="Create or update HR account with stored proc" state="Enabled"/>
                    <Component name="ELSE IF delete" state="Enabled"/>
                    <Component name="Delete account with stored proc" state="Enabled"/>
                    <Component name="IF enable or disable" state="Enabled"/>
                    <Component name="Enable or disable account" state="Enabled"/>
                    <Component name="ELSE IF lock or unlock" state="Enabled"/>
                    <Component name="Lock or unlock account" state="Enabled"/>
                    <Component name="ELSE unhandled operation" state="Enabled"/>
                    <Component name="unhandled operation" state="Enabled"/>
                </SimulationStates>
                <ProxySettings/>
            </SimulationConfig>
            <LogConfig/>
            <ContainerEF name="EntryFeedContainer"/>
            <ContainerDF name="DataFlowContainer">
                <Connector name="Sybase">
                    <InheritFrom>/Connectors/Sybase</InheritFrom>
                    <ConnectorMode>AddOnly</ConnectorMode>
                    <ConnectorState>Passive</ConnectorState>
                    <Configuration>
                        <InheritFrom>[parent]</InheritFrom>
                    </Configuration>
                    <Parser>
                        <InheritFrom>[parent]</InheritFrom>
                        <Schema name="Input">
                            <InheritFrom>[parent]</InheritFrom>
                        </Schema>
                        <Schema name="Output">
                            <InheritFrom>[parent]</InheritFrom>
                        </Schema>
                    </Parser>
                    <AttributeMap name="Input">
                        <InheritFrom>[parent]</InheritFrom>
                    </AttributeMap>
                    <AttributeMap name="Output">
                        <InheritFrom>[parent]</InheritFrom>
                    </AttributeMap>
                    <DeltaSettings/>
                    <Schema name="Input">
                        <InheritFrom>[parent]</InheritFrom>
                        <SchemaItem>
                            <Name>accessrule</Name>
                            <NativeSyntax>int</NativeSyntax>
                        </SchemaItem>
                        <SchemaItem>
                            <Name>cdefault</Name>
                            <Syntax>java.lang.Integer</Syntax>
                            <NativeSyntax>int</NativeSyntax>
                        </SchemaItem>
                        <SchemaItem>
                            <Name>colid</Name>
                            <Syntax>java.lang.Integer</Syntax>
                            <NativeSyntax>smallint</NativeSyntax>
                        </SchemaItem>
                        <SchemaItem>
                            <Name>disabled</Name>
                            <Syntax>java.lang.Integer</Syntax>
                        </SchemaItem>
                        <SchemaItem>
                            <Name>domain</Name>
                            <Syntax>java.lang.Integer</Syntax>
                            <NativeSyntax>int</NativeSyntax>
                        </SchemaItem>
                        <SchemaItem>
                            <Name>email</Name>
                            <Syntax>java.lang.String</Syntax>
                        </SchemaItem>
                        <SchemaItem>
                            <Name>encrdate</Name>
                            <NativeSyntax>datetime</NativeSyntax>
                        </SchemaItem>
                        <SchemaItem>
                            <Name>encrkeydb</Name>
                            <NativeSyntax>varchar</NativeSyntax>
                        </SchemaItem>
                        <SchemaItem>
                            <Name>encrkeyid</Name>
                            <NativeSyntax>int</NativeSyntax>
                        </SchemaItem>
                        <SchemaItem>
                            <Name>encrlen</Name>
                            <NativeSyntax>int</NativeSyntax>
                        </SchemaItem>
                        <SchemaItem>
                            <Name>encrtype</Name>
                            <NativeSyntax>int</NativeSyntax>
                        </SchemaItem>
                        <SchemaItem>
                            <Name>firstname</Name>
                            <Syntax>java.lang.String</Syntax>
                        </SchemaItem>
                        <SchemaItem>
                            <Name>fullname</Name>
                            <Syntax>java.lang.String</Syntax>
                        </SchemaItem>
                        <SchemaItem>
                            <Name>groups</Name>
                        </SchemaItem>
                        <SchemaItem>
                            <Name>id</Name>
                            <Syntax>java.lang.Integer</Syntax>
                            <NativeSyntax>int</NativeSyntax>
                        </SchemaItem>
                        <SchemaItem>
                            <Name>lastname</Name>
                            <Syntax>java.lang.String</Syntax>
                        </SchemaItem>
                        <SchemaItem>
                            <Name>length</Name>
                            <Syntax>java.lang.Integer</Syntax>
                            <NativeSyntax>int</NativeSyntax>
                        </SchemaItem>
                        <SchemaItem>
                            <Name>locked</Name>
                            <Syntax>java.lang.Integer</Syntax>
                        </SchemaItem>
                        <SchemaItem>
                            <Name>name</Name>
                            <Syntax>java.lang.String</Syntax>
                            <NativeSyntax>varchar</NativeSyntax>
                        </SchemaItem>
                        <SchemaItem>
                            <Name>number</Name>
                            <Syntax>java.lang.Integer</Syntax>
                            <NativeSyntax>smallint</NativeSyntax>
                        </SchemaItem>
                        <SchemaItem>
                            <Name>offset</Name>
                            <Syntax>java.lang.Integer</Syntax>
                            <NativeSyntax>smallint</NativeSyntax>
                        </SchemaItem>
                        <SchemaItem>
                            <Name>prec</Name>
                            <NativeSyntax>tinyint</NativeSyntax>
                        </SchemaItem>
                        <SchemaItem>
                            <Name>printfmt</Name>
                            <NativeSyntax>varchar</NativeSyntax>
                        </SchemaItem>
                        <SchemaItem>
                            <Name>remote_name</Name>
                            <NativeSyntax>varchar</NativeSyntax>
                        </SchemaItem>
                        <SchemaItem>
                            <Name>remote_type</Name>
                            <NativeSyntax>int</NativeSyntax>
                        </SchemaItem>
                        <SchemaItem>
                            <Name>scale</Name>
                            <NativeSyntax>tinyint</NativeSyntax>
                        </SchemaItem>
                        <SchemaItem>
                            <Name>status</Name>
                            <Syntax>java.lang.Integer</Syntax>
                            <NativeSyntax>tinyint</NativeSyntax>
                        </SchemaItem>
                        <SchemaItem>
                            <Name>status2</Name>
                            <NativeSyntax>int</NativeSyntax>
                        </SchemaItem>
                        <SchemaItem>
                            <Name>type</Name>
                            <Syntax>java.lang.Integer</Syntax>
                            <NativeSyntax>tinyint</NativeSyntax>
                        </SchemaItem>
                        <SchemaItem>
                            <Name>username</Name>
                            <Syntax>java.lang.String</Syntax>
                        </SchemaItem>
                        <SchemaItem>
                            <Name>usertype</Name>
                            <Syntax>java.lang.Integer</Syntax>
                            <NativeSyntax>smallint</NativeSyntax>
                        </SchemaItem>
                        <SchemaItem>
                            <Name>xdbid</Name>
                            <NativeSyntax>int</NativeSyntax>
                        </SchemaItem>
                        <SchemaItem>
                            <Name>xstatus</Name>
                            <NativeSyntax>int</NativeSyntax>
                        </SchemaItem>
                        <SchemaItem>
                            <Name>xtype</Name>
                            <NativeSyntax>int</NativeSyntax>
                        </SchemaItem>
                    </Schema>
                    <Schema name="Output">
                        <InheritFrom>[parent]</InheritFrom>
                        <SchemaItem>
                            <Name>accessrule</Name>
                        </SchemaItem>
                        <SchemaItem>
                            <Name>ansi_w</Name>
                            <NativeSyntax>tinyint</NativeSyntax>
                        </SchemaItem>
                        <SchemaItem>
                            <Name>cdefault</Name>
                            <Syntax>java.lang.Integer</Syntax>
                        </SchemaItem>
                        <SchemaItem>
                            <Name>colid</Name>
                            <Syntax>java.lang.Integer</Syntax>
                        </SchemaItem>
                        <SchemaItem>
                            <Name>disabled</Name>
                            <Syntax>java.lang.Integer</Syntax>
                        </SchemaItem>
                        <SchemaItem>
                            <Name>domain</Name>
                            <Syntax>java.lang.Integer</Syntax>
                        </SchemaItem>
                        <SchemaItem>
                            <Name>email</Name>
                            <Syntax>java.lang.String</Syntax>
                        </SchemaItem>
                        <SchemaItem>
                            <Name>encrdate</Name>
                        </SchemaItem>
                        <SchemaItem>
                            <Name>encrkeydb</Name>
                        </SchemaItem>
                        <SchemaItem>
                            <Name>encrkeyid</Name>
                        </SchemaItem>
                        <SchemaItem>
                            <Name>encrlen</Name>
                        </SchemaItem>
                        <SchemaItem>
                            <Name>encrtype</Name>
                        </SchemaItem>
                        <SchemaItem>
                            <Name>firstname</Name>
                            <Syntax>java.lang.String</Syntax>
                        </SchemaItem>
                        <SchemaItem>
                            <Name>fullname</Name>
                            <Syntax>java.lang.String</Syntax>
                        </SchemaItem>
                        <SchemaItem>
                            <Name>groups</Name>
                        </SchemaItem>
                        <SchemaItem>
                            <Name>high</Name>
                            <NativeSyntax>int</NativeSyntax>
                        </SchemaItem>
                        <SchemaItem>
                            <Name>id</Name>
                            <Syntax>java.lang.Integer</Syntax>
                        </SchemaItem>
                        <SchemaItem>
                            <Name>lastname</Name>
                            <Syntax>java.lang.String</Syntax>
                        </SchemaItem>
                        <SchemaItem>
                            <Name>length</Name>
                            <Syntax>java.lang.Integer</Syntax>
                        </SchemaItem>
                        <SchemaItem>
                            <Name>locked</Name>
                            <Syntax>java.lang.Integer</Syntax>
                        </SchemaItem>
                        <SchemaItem>
                            <Name>low</Name>
                            <NativeSyntax>int</NativeSyntax>
                        </SchemaItem>
                        <SchemaItem>
                            <Name>msgnum</Name>
                            <NativeSyntax>int</NativeSyntax>
                        </SchemaItem>
                        <SchemaItem>
                            <Name>name</Name>
                            <Syntax>java.lang.String</Syntax>
                            <NativeSyntax>varchar</NativeSyntax>
                        </SchemaItem>
                        <SchemaItem>
                            <Name>number</Name>
                            <Syntax>java.lang.Integer</Syntax>
                            <NativeSyntax>int</NativeSyntax>
                        </SchemaItem>
                        <SchemaItem>
                            <Name>offset</Name>
                            <Syntax>java.lang.Integer</Syntax>
                        </SchemaItem>
                        <SchemaItem>
                            <Name>prec</Name>
                        </SchemaItem>
                        <SchemaItem>
                            <Name>printfmt</Name>
                        </SchemaItem>
                        <SchemaItem>
                            <Name>remote_name</Name>
                        </SchemaItem>
                        <SchemaItem>
                            <Name>remote_type</Name>
                        </SchemaItem>
                        <SchemaItem>
                            <Name>scale</Name>
                        </SchemaItem>
                        <SchemaItem>
                            <Name>status</Name>
                            <Syntax>java.lang.Integer</Syntax>
                        </SchemaItem>
                        <SchemaItem>
                            <Name>status2</Name>
                        </SchemaItem>
                        <SchemaItem>
                            <Name>type</Name>
                            <Syntax>java.lang.Integer</Syntax>
                            <NativeSyntax>char</NativeSyntax>
                        </SchemaItem>
                        <SchemaItem>
                            <Name>username</Name>
                            <Syntax>java.lang.String</Syntax>
                        </SchemaItem>
                        <SchemaItem>
                            <Name>usertype</Name>
                            <Syntax>java.lang.Integer</Syntax>
                        </SchemaItem>
                        <SchemaItem>
                            <Name>xdbid</Name>
                        </SchemaItem>
                        <SchemaItem>
                            <Name>xstatus</Name>
                        </SchemaItem>
                        <SchemaItem>
                            <Name>xtype</Name>
                        </SchemaItem>
                    </Schema>
                    <LinkCriteria>
                        <InheritFrom>[parent]</InheritFrom>
                    </LinkCriteria>
                    <Hooks>
                        <InheritFrom>[parent]</InheritFrom>
                    </Hooks>
                    <CheckpointConfig/>
                    <SandboxConfig/>
                    <Reconnect>
                        <InheritFrom>[parent]</InheritFrom>
                        <parameter name="initreconnect">false</parameter>
                        <parameter name="numberOfRetries">1</parameter>
                        <parameter name="retryDelay">10</parameter>
                        <ReconnectRules/>
                    </Reconnect>
                    <Operations/>
                    <PoolDefinition>
                        <InheritFrom>[parent]</InheritFrom>
                    </PoolDefinition>
                    <PoolInstance/>
                    <InitializeOption>0</InitializeOption>
                </Connector>
                <Branch name="IF create or modify">
                    <Script name="Load HR account with stored proc">
                        <parameter name="script"><![CDATA[var con = Sybase.connector.connection;
var command = "{call hr.dbo.read_hr_user(?)}";
var cstmt = null;
var resultSet = null;

try {
	// Prepare the stored procedure call.
    cstmt = con.prepareCall(command);

    // Assign input parameters.
    cstmt.setString(1, work.getString("nativeIdentity"));

    task.logmsg("Calling stored procedure: " + command);
    resultSet = cstmt.executeQuery();

	if (resultSet.next()) {
		// Groups are handled specially since they are a multi-valued CSV.
		var groupsRaw = resultSet.getString("groups");
		var groupsList = csvToList(groupsRaw);
		var groupAttr = work.newAttribute("groups");
		var vals = new java.util.Vector();
		if (null != groupsList) {
    		vals.addAll(groupsList);
		}
		groupAttr.setValues(vals);
		
		work.setAttribute("username", resultSet.getString("username"));
		work.setAttribute("firstname", resultSet.getString("firstname"));
		work.setAttribute("lastname", resultSet.getString("lastname"));
		work.setAttribute("fullname", resultSet.getString("fullname"));
		work.setAttribute("email", resultSet.getString("email"));
		work.setAttribute("passwd", resultSet.getString("passwd"));
		work.setAttribute("disabled", new java.lang.Integer(resultSet.getInt("disabled")));
		work.setAttribute("locked", new java.lang.Integer(resultSet.getInt("locked")));
	}
	else {
		task.logmsg("No entries in result set.");
        onNoMatchHook();
	}

    if (resultSet.next()) {
    	throw "Found more than one entry " + resultSet;
    }
}
catch(e) {
    throw e;
}
finally {
	if (null != resultSet) {
		resultSet.close();
	}
	if (null != cstmt) {
		cstmt.close();
	}
}]]></parameter>
                    </Script>
                    <Branch name="IF account does not exist">
                        <ALMap name="set default account attributes">
                            <AttributeMap name="Input">
                                <AttributeMapItem>
                                    <Name>username</Name>
                                    <Type>simple</Type>
                                    <Simple>nativeIdentity</Simple>
                                </AttributeMapItem>
                            </AttributeMap>
                            <State>Enabled</State>
                        </ALMap>
                        <Conditions>
                            <BranchCondition>
                                <LeftHand>accountNotFound</LeftHand>
                                <Operator>exists</Operator>
                                <CaseSensitive>true</CaseSensitive>
                            </BranchCondition>
                        </Conditions>
                        <MatchAny>false</MatchAny>
                        <Enabled>true</Enabled>
                        <Type>0</Type>
                    </Branch>
                    <ALMap name="Map passwd">
                        <InheritFrom>[no inheritance]</InheritFrom>
                        <AttributeMap name="Input">
                            <InheritFrom>[parent]</InheritFrom>
                            <AttributeMapItem>
                                <Name>passwd</Name>
                                <Type>advanced</Type>
                                <Script>getPasswordFromAccountRequest();</Script>
                            </AttributeMapItem>
                        </AttributeMap>
                        <State>Enabled</State>
                    </ALMap>
                    <Connector name="applyAccountRequest">
                        <ConnectorMode>Script</ConnectorMode>
                        <ConnectorState>Enabled</ConnectorState>
                        <Configuration/>
                        <ConnectorScript>applyAccountRequest(work, work.getAttribute("accountRequest").getValue(0));</ConnectorScript>
                        <Parser>
                            <Schema name="Input">
                                <InheritFrom>[parent]</InheritFrom>
                            </Schema>
                            <Schema name="Output">
                                <InheritFrom>[parent]</InheritFrom>
                            </Schema>
                        </Parser>
                        <AttributeMap name="Input"/>
                        <AttributeMap name="Output"/>
                        <DeltaSettings>
                            <Driver>BTree</Driver>
                        </DeltaSettings>
                        <Schema name="Input">
                            <InheritFrom>[parent]</InheritFrom>
                        </Schema>
                        <Schema name="Output">
                            <InheritFrom>[parent]</InheritFrom>
                        </Schema>
                        <LinkCriteria/>
                        <Hooks/>
                        <CheckpointConfig/>
                        <SandboxConfig/>
                        <Reconnect>
                            <InheritFrom>[parent]</InheritFrom>
                            <ReconnectRules/>
                        </Reconnect>
                        <Operations/>
                        <PoolDefinition>
                            <InheritFrom>[parent]</InheritFrom>
                        </PoolDefinition>
                        <PoolInstance/>
                        <InitializeOption>0</InitializeOption>
                    </Connector>
                    <Script name="Create or update HR account with stored proc">
                        <parameter name="script"><![CDATA[// Connector name must be used here.  This gets the JDBC Connection.
var con = Sybase.connector.connection;

var isCreate = (null != work.getAttribute("accountNotFound"));
var command = (isCreate) ? "{call hr.dbo.create_hr_user(?,?,?,?,?,?,?,?,?)}" : "{call hr.dbo.update_hr_user(?,?,?,?,?,?,?,?,?)}";
var cstmt = null;

try {
	// Prepare the stored procedure call.
    cstmt = con.prepareCall(command);

    var disabledVal = work.getString("disabled");
    var lockedVal = work.getString("locked");
    var disabled = (null != disabledVal) ? java.lang.Integer.valueOf(disabledVal) : 0;
    var locked = (null != lockedVal) ? java.lang.Integer.valueOf(lockedVal) : 0;
    
    var groups = null;
    var groupsAttr = work.getAttribute("groups");
    if (null != groupsAttr) {
    	groups = new java.util.ArrayList(groupsAttr.getValuesVector());
    }

    // Assign input parameters.
    cstmt.setString(1, work.getString("nativeIdentity"));
    cstmt.setString(2, work.getString("firstname"));
    cstmt.setString(3, work.getString("lastname"));
    cstmt.setString(4, work.getString("fullname"));
    cstmt.setString(5, work.getString("email"));
    cstmt.setString(6, work.getString("passwd"));
    cstmt.setString(7, listToCsv(groups));
    cstmt.setInt(8, disabled);
    cstmt.setInt(9, locked);

    // Just use execute if there is nothing to return.
    task.logmsg("Calling stored procedure: " + command);
    cstmt.execute();

	// Then be a good citizen and close it.
    cstmt.close();
}
catch(e) {
    throw e;
}
finally {
	if (null != cstmt) {
		cstmt.close();
	}
}]]></parameter>
                    </Script>
                    <ScriptCondition/>
                    <Conditions>
                        <BranchCondition>
                            <LeftHand>operation</LeftHand>
                            <Operator>equals</Operator>
                            <RightHand>Create</RightHand>
                            <CaseSensitive>true</CaseSensitive>
                        </BranchCondition>
                        <BranchCondition>
                            <LeftHand>operation</LeftHand>
                            <Operator>equals</Operator>
                            <RightHand>Modify</RightHand>
                            <CaseSensitive>true</CaseSensitive>
                        </BranchCondition>
                    </Conditions>
                    <MatchAny>true</MatchAny>
                    <Enabled>true</Enabled>
                    <Type>0</Type>
                </Branch>
                <Branch name="ELSE IF delete">
                    <Script name="Delete account with stored proc">
                        <parameter name="script"><![CDATA[var con = Sybase.connector.connection;
var command = "{call hr.dbo.delete_hr_user(?)}";
var cstmt = null;

try {
	// Prepare the stored procedure call.
    cstmt = con.prepareCall(command);

    // Assign input parameters.
    cstmt.setString(1, work.getString("nativeIdentity"));

    task.logmsg("Calling stored procedure: " + command);
    cstmt.execute();

    cstmt.close();
}
catch(e) {
    throw e;
}
finally {
	if (null != cstmt) {
		cstmt.close();
	}
}]]></parameter>
                    </Script>
                    <Conditions>
                        <BranchCondition>
                            <LeftHand>operation</LeftHand>
                            <Operator>equals</Operator>
                            <RightHand>Delete</RightHand>
                            <CaseSensitive>true</CaseSensitive>
                        </BranchCondition>
                    </Conditions>
                    <MatchAny>false</MatchAny>
                    <Enabled>true</Enabled>
                    <Type>1</Type>
                </Branch>
                <Branch name="IF enable or disable">
                    <Script name="Enable or disable account">
                        <parameter name="script"><![CDATA[var con = Sybase.connector.connection;
var command = "{call hr.dbo.disable_enable_hr_user(?,?)}";
var disable = ("Disable".equals(work.getString("operation"))) ? 1 : 0;
var cstmt = null;

try {
	// Prepare the stored procedure call.
    cstmt = con.prepareCall(command);

    // Assign input parameters.
    cstmt.setString(1, work.getString("nativeIdentity"));
    cstmt.setInt(2, disable);

    task.logmsg("Calling stored procedure: " + command);
    cstmt.execute();

    cstmt.close();
}
catch(e) {
    throw e;
}
finally {
	if (null != cstmt) {
		cstmt.close();
	}
}]]></parameter>
                    </Script>
                    <Conditions>
                        <BranchCondition>
                            <LeftHand>operation</LeftHand>
                            <Operator>equals</Operator>
                            <RightHand>Disable</RightHand>
                            <CaseSensitive>true</CaseSensitive>
                        </BranchCondition>
                        <BranchCondition>
                            <LeftHand>operation</LeftHand>
                            <Operator>equals</Operator>
                            <RightHand>Enable</RightHand>
                        </BranchCondition>
                    </Conditions>
                    <MatchAny>true</MatchAny>
                    <Enabled>true</Enabled>
                    <Type>1</Type>
                </Branch>
                <Branch name="ELSE IF lock or unlock">
                    <Script name="Lock or unlock account">
                        <parameter name="script"><![CDATA[var con = Sybase.connector.connection;
var command = "{call hr.dbo.lock_unlock_hr_user(?,?)}";
var lock = ("Lock".equals(work.getString("operation"))) ? 1 : 0;
var cstmt = null;

try {
	// Prepare the stored procedure call.
    cstmt = con.prepareCall(command);

    // Assign input parameters.
    cstmt.setString(1, work.getString("nativeIdentity"));
    cstmt.setInt(2, lock);

    task.logmsg("Calling stored procedure: " + command);
    cstmt.execute();

    cstmt.close();
}
catch(e) {
    throw e;
}
finally {
	if (null != resultSet) {
		resultSet.close();
	}
	if (null != cstmt) {
		cstmt.close();
	}
}]]></parameter>
                    </Script>
                    <Conditions>
                        <BranchCondition>
                            <LeftHand>operation</LeftHand>
                            <Operator>equals</Operator>
                            <RightHand>Lock</RightHand>
                            <CaseSensitive>true</CaseSensitive>
                        </BranchCondition>
                        <BranchCondition>
                            <LeftHand>operation</LeftHand>
                            <Operator>equals</Operator>
                            <RightHand>Unlock</RightHand>
                        </BranchCondition>
                    </Conditions>
                    <MatchAny>true</MatchAny>
                    <Enabled>true</Enabled>
                    <Type>1</Type>
                </Branch>
                <Branch name="ELSE unhandled operation">
                    <Connector name="unhandled operation">
                        <ConnectorMode>Script</ConnectorMode>
                        <ConnectorState>Enabled</ConnectorState>
                        <Configuration/>
                        <ConnectorScript><![CDATA[// Received an unhandled operation, so fail.
var msg = "Account request operation '" + work.getString("operation") + "' is not handled.";
work.setAttribute("provisioningSuccessful", new Boolean(false));
work.addAttributeValue("provisioningErrors", msg);
]]></ConnectorScript>
                        <Parser>
                            <Schema name="Input">
                                <InheritFrom>[parent]</InheritFrom>
                            </Schema>
                            <Schema name="Output">
                                <InheritFrom>[parent]</InheritFrom>
                            </Schema>
                        </Parser>
                        <AttributeMap name="Input"/>
                        <AttributeMap name="Output"/>
                        <DeltaSettings>
                            <Driver>BTree</Driver>
                        </DeltaSettings>
                        <Schema name="Input">
                            <InheritFrom>[parent]</InheritFrom>
                        </Schema>
                        <Schema name="Output">
                            <InheritFrom>[parent]</InheritFrom>
                        </Schema>
                        <LinkCriteria/>
                        <Hooks/>
                        <CheckpointConfig/>
                        <SandboxConfig/>
                        <Reconnect>
                            <InheritFrom>[parent]</InheritFrom>
                            <ReconnectRules/>
                        </Reconnect>
                        <Operations/>
                        <PoolDefinition>
                            <InheritFrom>[parent]</InheritFrom>
                        </PoolDefinition>
                        <PoolInstance/>
                        <InitializeOption>0</InitializeOption>
                    </Connector>
                    <Conditions/>
                    <MatchAny>false</MatchAny>
                    <Enabled>true</Enabled>
                    <Type>2</Type>
                </Branch>
            </ContainerDF>
            <ThreadOptions/>
            <Operations/>
            <InitParams>
                <Schema name="AssemblyLineInitParams"/>
            </InitParams>
        </AssemblyLine>
    </Folder>
    <Folder name="Connectors">
        <Connector name="Sybase">
            <InheritFrom>system:/Connectors/ibmdi.JDBC</InheritFrom>
            <ConnectorMode>AddOnly</ConnectorMode>
            <ConnectorState>Passive</ConnectorState>
            <Configuration>
                <UserComment/>
                <InheritFrom>[parent]</InheritFrom>
                <parameter name="debug">false</parameter>
                <parameter name="jdbcDriver">net.sourceforge.jtds.jdbc.Driver</parameter>
                <parameter name="jdbcLogin">sa</parameter>
                <parameter name="jdbcPassword">sailpoint</parameter>
                <parameter name="jdbcSchema">hr</parameter>
                <parameter name="jdbcSource">jdbc:jtds:sybase://speedboat.sailpoint.com:5000/</parameter>
                <parameter name="jdbcTable">users</parameter>
                <parameter name="userComment"/>
            </Configuration>
            <Parser>
                <InheritFrom>[parent]</InheritFrom>
                <Schema name="Input">
                    <InheritFrom>[parent]</InheritFrom>
                </Schema>
                <Schema name="Output">
                    <InheritFrom>[parent]</InheritFrom>
                </Schema>
            </Parser>
            <AttributeMap name="Input">
                <InheritFrom>[parent]</InheritFrom>
            </AttributeMap>
            <AttributeMap name="Output">
                <InheritFrom>[parent]</InheritFrom>
            </AttributeMap>
            <DeltaSettings>
                <WhenToCommit>After every database operation</WhenToCommit>
            </DeltaSettings>
            <Schema name="Input">
                <InheritFrom>[parent]</InheritFrom>
                <SchemaItem>
                    <Name>accessrule</Name>
                    <NativeSyntax>int</NativeSyntax>
                </SchemaItem>
                <SchemaItem>
                    <Name>cdefault</Name>
                    <Syntax>java.lang.Integer</Syntax>
                    <NativeSyntax>int</NativeSyntax>
                </SchemaItem>
                <SchemaItem>
                    <Name>colid</Name>
                    <Syntax>java.lang.Integer</Syntax>
                    <NativeSyntax>smallint</NativeSyntax>
                </SchemaItem>
                <SchemaItem>
                    <Name>disabled</Name>
                    <Syntax>java.lang.Integer</Syntax>
                </SchemaItem>
                <SchemaItem>
                    <Name>domain</Name>
                    <Syntax>java.lang.Integer</Syntax>
                    <NativeSyntax>int</NativeSyntax>
                </SchemaItem>
                <SchemaItem>
                    <Name>email</Name>
                    <Syntax>java.lang.String</Syntax>
                </SchemaItem>
                <SchemaItem>
                    <Name>encrdate</Name>
                    <NativeSyntax>datetime</NativeSyntax>
                </SchemaItem>
                <SchemaItem>
                    <Name>encrkeydb</Name>
                    <NativeSyntax>varchar</NativeSyntax>
                </SchemaItem>
                <SchemaItem>
                    <Name>encrkeyid</Name>
                    <NativeSyntax>int</NativeSyntax>
                </SchemaItem>
                <SchemaItem>
                    <Name>encrlen</Name>
                    <NativeSyntax>int</NativeSyntax>
                </SchemaItem>
                <SchemaItem>
                    <Name>encrtype</Name>
                    <NativeSyntax>int</NativeSyntax>
                </SchemaItem>
                <SchemaItem>
                    <Name>firstname</Name>
                    <Syntax>java.lang.String</Syntax>
                </SchemaItem>
                <SchemaItem>
                    <Name>fullname</Name>
                    <Syntax>java.lang.String</Syntax>
                </SchemaItem>
                <SchemaItem>
                    <Name>groups</Name>
                </SchemaItem>
                <SchemaItem>
                    <Name>id</Name>
                    <Syntax>java.lang.Integer</Syntax>
                    <NativeSyntax>int</NativeSyntax>
                </SchemaItem>
                <SchemaItem>
                    <Name>lastname</Name>
                    <Syntax>java.lang.String</Syntax>
                </SchemaItem>
                <SchemaItem>
                    <Name>length</Name>
                    <Syntax>java.lang.Integer</Syntax>
                    <NativeSyntax>int</NativeSyntax>
                </SchemaItem>
                <SchemaItem>
                    <Name>locked</Name>
                    <Syntax>java.lang.Integer</Syntax>
                </SchemaItem>
                <SchemaItem>
                    <Name>name</Name>
                    <Syntax>java.lang.String</Syntax>
                    <NativeSyntax>varchar</NativeSyntax>
                </SchemaItem>
                <SchemaItem>
                    <Name>number</Name>
                    <Syntax>java.lang.Integer</Syntax>
                    <NativeSyntax>smallint</NativeSyntax>
                </SchemaItem>
                <SchemaItem>
                    <Name>offset</Name>
                    <Syntax>java.lang.Integer</Syntax>
                    <NativeSyntax>smallint</NativeSyntax>
                </SchemaItem>
                <SchemaItem>
                    <Name>prec</Name>
                    <NativeSyntax>tinyint</NativeSyntax>
                </SchemaItem>
                <SchemaItem>
                    <Name>printfmt</Name>
                    <NativeSyntax>varchar</NativeSyntax>
                </SchemaItem>
                <SchemaItem>
                    <Name>remote_name</Name>
                    <NativeSyntax>varchar</NativeSyntax>
                </SchemaItem>
                <SchemaItem>
                    <Name>remote_type</Name>
                    <NativeSyntax>int</NativeSyntax>
                </SchemaItem>
                <SchemaItem>
                    <Name>scale</Name>
                    <NativeSyntax>tinyint</NativeSyntax>
                </SchemaItem>
                <SchemaItem>
                    <Name>status</Name>
                    <Syntax>java.lang.Integer</Syntax>
                    <NativeSyntax>tinyint</NativeSyntax>
                </SchemaItem>
                <SchemaItem>
                    <Name>status2</Name>
                    <NativeSyntax>int</NativeSyntax>
                </SchemaItem>
                <SchemaItem>
                    <Name>type</Name>
                    <Syntax>java.lang.Integer</Syntax>
                    <NativeSyntax>tinyint</NativeSyntax>
                </SchemaItem>
                <SchemaItem>
                    <Name>username</Name>
                    <Syntax>java.lang.String</Syntax>
                </SchemaItem>
                <SchemaItem>
                    <Name>usertype</Name>
                    <Syntax>java.lang.Integer</Syntax>
                    <NativeSyntax>smallint</NativeSyntax>
                </SchemaItem>
                <SchemaItem>
                    <Name>xdbid</Name>
                    <NativeSyntax>int</NativeSyntax>
                </SchemaItem>
                <SchemaItem>
                    <Name>xstatus</Name>
                    <NativeSyntax>int</NativeSyntax>
                </SchemaItem>
                <SchemaItem>
                    <Name>xtype</Name>
                    <NativeSyntax>int</NativeSyntax>
                </SchemaItem>
            </Schema>
            <Schema name="Output">
                <InheritFrom>[parent]</InheritFrom>
                <SchemaItem>
                    <Name>accessrule</Name>
                </SchemaItem>
                <SchemaItem>
                    <Name>ansi_w</Name>
                    <NativeSyntax>tinyint</NativeSyntax>
                </SchemaItem>
                <SchemaItem>
                    <Name>cdefault</Name>
                    <Syntax>java.lang.Integer</Syntax>
                </SchemaItem>
                <SchemaItem>
                    <Name>colid</Name>
                    <Syntax>java.lang.Integer</Syntax>
                </SchemaItem>
                <SchemaItem>
                    <Name>disabled</Name>
                    <Syntax>java.lang.Integer</Syntax>
                </SchemaItem>
                <SchemaItem>
                    <Name>domain</Name>
                    <Syntax>java.lang.Integer</Syntax>
                </SchemaItem>
                <SchemaItem>
                    <Name>email</Name>
                    <Syntax>java.lang.String</Syntax>
                </SchemaItem>
                <SchemaItem>
                    <Name>encrdate</Name>
                </SchemaItem>
                <SchemaItem>
                    <Name>encrkeydb</Name>
                </SchemaItem>
                <SchemaItem>
                    <Name>encrkeyid</Name>
                </SchemaItem>
                <SchemaItem>
                    <Name>encrlen</Name>
                </SchemaItem>
                <SchemaItem>
                    <Name>encrtype</Name>
                </SchemaItem>
                <SchemaItem>
                    <Name>firstname</Name>
                    <Syntax>java.lang.String</Syntax>
                </SchemaItem>
                <SchemaItem>
                    <Name>fullname</Name>
                    <Syntax>java.lang.String</Syntax>
                </SchemaItem>
                <SchemaItem>
                    <Name>groups</Name>
                </SchemaItem>
                <SchemaItem>
                    <Name>high</Name>
                    <NativeSyntax>int</NativeSyntax>
                </SchemaItem>
                <SchemaItem>
                    <Name>id</Name>
                    <Syntax>java.lang.Integer</Syntax>
                </SchemaItem>
                <SchemaItem>
                    <Name>lastname</Name>
                    <Syntax>java.lang.String</Syntax>
                </SchemaItem>
                <SchemaItem>
                    <Name>length</Name>
                    <Syntax>java.lang.Integer</Syntax>
                </SchemaItem>
                <SchemaItem>
                    <Name>locked</Name>
                    <Syntax>java.lang.Integer</Syntax>
                </SchemaItem>
                <SchemaItem>
                    <Name>low</Name>
                    <NativeSyntax>int</NativeSyntax>
                </SchemaItem>
                <SchemaItem>
                    <Name>msgnum</Name>
                    <NativeSyntax>int</NativeSyntax>
                </SchemaItem>
                <SchemaItem>
                    <Name>name</Name>
                    <Syntax>java.lang.String</Syntax>
                    <NativeSyntax>varchar</NativeSyntax>
                </SchemaItem>
                <SchemaItem>
                    <Name>number</Name>
                    <Syntax>java.lang.Integer</Syntax>
                    <NativeSyntax>int</NativeSyntax>
                </SchemaItem>
                <SchemaItem>
                    <Name>offset</Name>
                    <Syntax>java.lang.Integer</Syntax>
                </SchemaItem>
                <SchemaItem>
                    <Name>prec</Name>
                </SchemaItem>
                <SchemaItem>
                    <Name>printfmt</Name>
                </SchemaItem>
                <SchemaItem>
                    <Name>remote_name</Name>
                </SchemaItem>
                <SchemaItem>
                    <Name>remote_type</Name>
                </SchemaItem>
                <SchemaItem>
                    <Name>scale</Name>
                </SchemaItem>
                <SchemaItem>
                    <Name>status</Name>
                    <Syntax>java.lang.Integer</Syntax>
                </SchemaItem>
                <SchemaItem>
                    <Name>status2</Name>
                </SchemaItem>
                <SchemaItem>
                    <Name>type</Name>
                    <Syntax>java.lang.Integer</Syntax>
                    <NativeSyntax>char</NativeSyntax>
                </SchemaItem>
                <SchemaItem>
                    <Name>username</Name>
                    <Syntax>java.lang.String</Syntax>
                </SchemaItem>
                <SchemaItem>
                    <Name>usertype</Name>
                    <Syntax>java.lang.Integer</Syntax>
                </SchemaItem>
                <SchemaItem>
                    <Name>xdbid</Name>
                </SchemaItem>
                <SchemaItem>
                    <Name>xstatus</Name>
                </SchemaItem>
                <SchemaItem>
                    <Name>xtype</Name>
                </SchemaItem>
            </Schema>
            <LinkCriteria>
                <InheritFrom>[parent]</InheritFrom>
            </LinkCriteria>
            <Hooks>
                <InheritFrom>[parent]</InheritFrom>
            </Hooks>
            <CheckpointConfig/>
            <SandboxConfig/>
            <Reconnect>
                <InheritFrom>[parent]</InheritFrom>
                <parameter name="initreconnect">false</parameter>
                <parameter name="numberOfRetries">1</parameter>
                <parameter name="retryDelay">10</parameter>
                <ReconnectRules/>
            </Reconnect>
            <Operations/>
            <PoolDefinition>
                <InheritFrom>[parent]</InheritFrom>
                <Enabled>false</Enabled>
                <MinPoolSize>0</MinPoolSize>
                <PurgeInterval>0</PurgeInterval>
                <InitializeAttempts>1</InitializeAttempts>
            </PoolDefinition>
            <PoolInstance/>
            <InitializeOption>0</InitializeOption>
        </Connector>
    </Folder>
    <Folder name="Parsers"/>
    <Folder name="Scripts">
        <Script name="HR - csv utils">
            <parameter name="autoInclude">true</parameter>
            <parameter name="includeFiles"/>
            <parameter name="script"><![CDATA[/**
 * Convert the given comma-separated string to a java.util.List.
 *
 * @param  s  The String containing the comma-separated values.
 *
 * @return A java.util.List containing the values.
 */
function csvToList(s) {
    var list = null;

    if (null != s) {
        list = new java.util.ArrayList();
        parts = s.split(",");
        if (null != parts) {
            for (var i=0; i<parts.length; i++) {
                list.add(parts[i]);
            }
        }
    }

    return list;
}

/**
 * Convert the given java.util.List to a comma-separated string.
 *
 * @param  l  The java.util.List to convert to a string.
 *
 * @return A comma-separated string with the values from the list.
 */
function listToCsv(l) {
    var csv = "";
    var sep = "";

    if (null != l) {
        for (var it=l.iterator(); it.hasNext(); ) {
            csv += sep + it.next();
            sep = ",";
        }
    }

    return csv;
}
]]></parameter>
        </Script>
    </Folder>
    <JavaLibraries/>
    <JavaProperties/>
    <Folder name="Includes"/>
    <Folder name="Config">
        <LogConfig name="Logging"/>
        <InstanceProperties name="AutoStart">
            <AutoStart/>
        </InstanceProperties>
        <TombstonesConfig name="Tombstones"/>
        <SolutionInterface name="SolutionInterface">
            <PollInterval>-1</PollInterval>
            <InstanceID>Kelly</InstanceID>
            <enabled>true</enabled>
        </SolutionInterface>
    </Folder>
    <Folder name="Functions"/>
    <Folder name="AttributeMaps"/>
    <Properties name="Properties">
        <Stores>
            <PropertyStore name="Solution-Properties">
                <Parser>
                    <Schema name="Input">
                        <InheritFrom>[parent]</InheritFrom>
                    </Schema>
                    <Schema name="Output">
                        <InheritFrom>[parent]</InheritFrom>
                    </Schema>
                </Parser>
                <RawConnector>
                    <InheritFrom>system:/Connectors/ibmdi.Properties</InheritFrom>
                    <parameter name="collectionType">Solution-Properties</parameter>
                </RawConnector>
                <Key>key</Key>
                <Value>value</Value>
                <ReadOnly>false</ReadOnly>
                <InitialLoad>true</InitialLoad>
                <CacheTimeout>0</CacheTimeout>
            </PropertyStore>
            <PropertyStore name="Global-Properties">
                <Parser>
                    <Schema name="Input">
                        <InheritFrom>[parent]</InheritFrom>
                    </Schema>
                    <Schema name="Output">
                        <InheritFrom>[parent]</InheritFrom>
                    </Schema>
                </Parser>
                <RawConnector>
                    <InheritFrom>system:/Connectors/ibmdi.Properties</InheritFrom>
                    <parameter name="collectionType">Global-Properties</parameter>
                </RawConnector>
                <Key>key</Key>
                <Value>value</Value>
                <ReadOnly>false</ReadOnly>
                <InitialLoad>true</InitialLoad>
                <CacheTimeout>0</CacheTimeout>
            </PropertyStore>
            <PropertyStore name="System-Properties">
                <Parser>
                    <Schema name="Input">
                        <InheritFrom>[parent]</InheritFrom>
                    </Schema>
                    <Schema name="Output">
                        <InheritFrom>[parent]</InheritFrom>
                    </Schema>
                </Parser>
                <RawConnector>
                    <InheritFrom>system:/Connectors/ibmdi.Properties</InheritFrom>
                    <parameter name="collectionType">System-Properties</parameter>
                </RawConnector>
                <Key>key</Key>
                <Value>value</Value>
                <ReadOnly>false</ReadOnly>
                <InitialLoad>true</InitialLoad>
                <CacheTimeout>0</CacheTimeout>
            </PropertyStore>
            <PropertyStore name="Java-Properties">
                <Parser>
                    <Schema name="Input">
                        <InheritFrom>[parent]</InheritFrom>
                    </Schema>
                    <Schema name="Output">
                        <InheritFrom>[parent]</InheritFrom>
                    </Schema>
                </Parser>
                <RawConnector>
                    <InheritFrom>system:/Connectors/ibmdi.Properties</InheritFrom>
                    <parameter name="collection">@SUBSTITUTE{config.$directory}/jdbc_stored_procedure.properties</parameter>
                    <parameter name="collectionType">Java-Properties</parameter>
                </RawConnector>
                <Key>key</Key>
                <Value>value</Value>
                <ReadOnly>false</ReadOnly>
                <InitialLoad>true</InitialLoad>
                <CacheTimeout>0</CacheTimeout>
            </PropertyStore>
        </Stores>
    </Properties>
</MetamergeConfig>
