<?xml version="1.0" encoding="UTF-8"?>
<unload unload_date="2016-04-25 14:26:49">
<sys_remote_update_set action="INSERT_OR_UPDATE">
<application display_value="Global">global</application>
<application_name>Global</application_name>
<application_scope>global</application_scope>
<application_version/>
<collisions/>
<commit_date/>
<deleted/>
<description>Update Set Version - 1.1

The script to generate the Service Catalog Request and Requested Items.</description>
<inserted/>
<name>SailPoint Service Request Generator</name>
<origin_sys_id/>
<release_date>2016-04-25 14:26:28</release_date>
<remote_sys_id>8f5b7eb04fcf1e004f167d2ca310c726</remote_sys_id>
<state>loaded</state>
<summary/>
<sys_created_by>arun.chauhan</sys_created_by>
<sys_created_on>2016-04-25 14:26:49</sys_created_on>
<sys_id>864c3ab04fcf1e004f167d2ca310c79f</sys_id>
<sys_mod_count>0</sys_mod_count>
<sys_updated_by>arun.chauhan</sys_updated_by>
<sys_updated_on>2016-04-25 14:26:49</sys_updated_on>
<update_set display_value=""/>
<update_source display_value=""/>
<updated/>
</sys_remote_update_set>
<sys_update_xml action="INSERT_OR_UPDATE">
<action>INSERT_OR_UPDATE</action>
<application display_value="Global">global</application>
<category>customer</category>
<comments/>
<name>sys_web_service_4badb9c40f2d92406f23ba8ce1050e05</name>
<payload>&lt;?xml version="1.0" encoding="UTF-8"?&gt;&lt;record_update table="sys_web_service"&gt;&lt;sys_web_service action="INSERT_OR_UPDATE"&gt;&lt;active&gt;true&lt;/active&gt;&lt;function_name&gt;insert&lt;/function_name&gt;&lt;name&gt;ScRequestGenerator&lt;/name&gt;&lt;scoped_name&gt;ScRequestGenerator&lt;/scoped_name&gt;&lt;script&gt;&lt;![CDATA[/* (c) Copyright 2016 SailPoint Technologies, Inc., All Rights Reserved.
 * 
 * Author: Arun Chauhan, arun.chauhan@sailpoint.com
 */

x_sap_iiq_sim.SPNT_SIMLogger.get().debug("ScRequestGenerator - Script Start.");

var requestDoc = soapRequestXML;
var doc = new XMLDocument(requestDoc);
var screquestNode = doc.getNode("//screquest");
var screquestXmlObj = new XMLHelper(screquestNode);
var screquest = screquestXmlObj.toObject();

// Create Ticket
var reqObject = createTicket(screquest);

/**
 * Create Cart and Place order to create Service Request
 */
function createTicket(screquest) {
    x_sap_iiq_sim.SPNT_SIMLogger.get().debug("ScRequestGenerator - CreateTicket: Generate new Cart and Create a ticket");
    var rc = null;
    var cartId = GlideGuid.generate(null);
    if (!gs.nil(cartId)) {
        var cart = new Cart(cartId);
        if (!gs.nil(cart)) {
            // Get sys_id using user_name
            screquest['requested_for'] = getSysId('sys_user', 'user_name', screquest['requested_for']);
            screquest['opened_by'] = getSysId('sys_user', 'user_name', screquest['opened_by']);

            var ritmItems = screquest.screqitems.item;
            if (gs.nil(ritmItems.length)) {
                if (!gs.nil(ritmItems)) {
                    cart = prepareCart(cart, ritmItems, screquest);
                }
            } else {
                for (var itemCount = 0; itemCount &lt; ritmItems.length; itemCount++) {
                    var ritmItem = ritmItems[itemCount];
                    cart = prepareCart(cart, ritmItem, screquest);	
                }
            }

			// Create Ticket
			rc = cart.placeOrder();
            if (!gs.nil(rc)) {
                x_sap_iiq_sim.SPNT_SIMLogger.get().debug("ScRequestGenerator - CreateTicket: Ticket Created with number: "+ rc.number);
			} else {
                x_sap_iiq_sim.SPNT_SIMLogger.get().error("ScRequestGenerator - CreateTicket: Failed to place order for request.");
			}
        } else {
            x_sap_iiq_sim.SPNT_SIMLogger.get().error("ScRequestGenerator - CreateTicket: Failed to create new cart. Ticket not created.");
        }
    } else {
        x_sap_iiq_sim.SPNT_SIMLogger.get().error("ScRequestGenerator - CreateTicket: Cart id is null. Ticket not created.");
	}

    return rc;
}

/**
 * Prepare Cart
 */
function prepareCart(cart, ritmItem, screquest) {
    x_sap_iiq_sim.SPNT_SIMLogger.get().debug("ScRequestGenerator - Prepare Cart for Catalog Item : "+ ritmItem['cat_item']);
    if (!gs.nil(ritmItem['cat_item'])) {
        var catItem = getSysId('sc_cat_item', 'name', ritmItem['cat_item']);
        var item = cart.addItem(catItem);

        // Get Catlaog variables for a Catalog Item
        var rec= new GlideRecordSecure('item_option_new');
        rec.addQuery('cat_item', catItem);
        rec.query();
        while (rec.next()) {
            var name = rec.name.toString();
            var defaultValue = rec.default_value.toString();
            if (!gs.nil(screquest[name])) {
                cart.setVariable(item, name, screquest[name]);
            } else if(!gs.nil(ritmItem[name])) {
                cart.setVariable(item, name, ritmItem[name]);
			} else if(!gs.nil(defaultValue)) {
				cart.setVariable(item, name, defaultValue);
			}
		}
		x_sap_iiq_sim.SPNT_SIMLogger.get().debug("ScRequestGenerator - Prepare Cart: Cart is prepared for Catalog Item : "+ ritmItem['cat_item']);   
	} else {
        x_sap_iiq_sim.SPNT_SIMLogger.get().error("ScRequestGenerator - Prepare Cart: Catalog Item information not present in the request.");
	}

    return cart;
}

/**
 * Get SysId
 */
function getSysId(tableName, fieldName, fieldValue) {
    var gr = new GlideRecordSecure(tableName);
    gr.addQuery(fieldName, fieldValue);
    gr.query();
    while (gr.next()) {
        return gr.sys_id;
    }
}

// Get Ticket Number
var responseJson = getTicket(reqObject);

/**
 * Get Ticket number of Requested Items
 */
function getTicket(reqObj) {
    var item = [];

    var ritmRecord = new GlideRecordSecure('sc_req_item');
    ritmRecord.addQuery('request', reqObj.sys_id);
    ritmRecord.query();
    while (ritmRecord.next()) {
        item.push({trackingId: ritmRecord.variables["tracking_id"].getGlideObject().getValue(), ticketNumber: ritmRecord.number.toString()});
    }

    return {items:item};
}

if (!gs.nil(responseJson)) {
	response.scResult = new global.JSON().encode(responseJson);
}

x_sap_iiq_sim.SPNT_SIMLogger.get().debug("ScRequestGenerator - Script finish.");]]&gt;&lt;/script&gt;&lt;short_description&gt; Generates the Service Catalog Request and Requested Items.&lt;/short_description&gt;&lt;sys_class_name&gt;sys_web_service&lt;/sys_class_name&gt;&lt;sys_created_by&gt;arun.chauhan&lt;/sys_created_by&gt;&lt;sys_created_on&gt;2016-02-08 12:24:31&lt;/sys_created_on&gt;&lt;sys_customer_update&gt;true&lt;/sys_customer_update&gt;&lt;sys_id&gt;4badb9c40f2d92406f23ba8ce1050e05&lt;/sys_id&gt;&lt;sys_mod_count&gt;24&lt;/sys_mod_count&gt;&lt;sys_name&gt;ScRequestGenerator&lt;/sys_name&gt;&lt;sys_package display_value="Global" source="global"&gt;global&lt;/sys_package&gt;&lt;sys_policy/&gt;&lt;sys_replace_on_upgrade&gt;false&lt;/sys_replace_on_upgrade&gt;&lt;sys_scope display_value="Global"&gt;global&lt;/sys_scope&gt;&lt;sys_update_name&gt;sys_web_service_4badb9c40f2d92406f23ba8ce1050e05&lt;/sys_update_name&gt;&lt;sys_updated_by&gt;arun.chauhan&lt;/sys_updated_by&gt;&lt;sys_updated_on&gt;2016-04-25 14:25:31&lt;/sys_updated_on&gt;&lt;wsdl&gt;https://ven01032.service-now.com/ScRequestGenerator.do?WSDL&lt;/wsdl&gt;&lt;/sys_web_service&gt;&lt;/record_update&gt;</payload>
<remote_update_set display_value="SailPoint Service Request Generator">864c3ab04fcf1e004f167d2ca310c79f</remote_update_set>
<replace_on_upgrade>false</replace_on_upgrade>
<sys_created_by>arun.chauhan</sys_created_by>
<sys_created_on>2016-04-25 14:26:49</sys_created_on>
<sys_id>c64c3ab04fcf1e004f167d2ca310c79f</sys_id>
<sys_mod_count>0</sys_mod_count>
<sys_updated_by>arun.chauhan</sys_updated_by>
<sys_updated_on>2016-04-25 14:26:49</sys_updated_on>
<table/>
<target_name>ScRequestGenerator</target_name>
<type>Scripted Web Service</type>
<update_domain>global</update_domain>
<update_set display_value=""/>
<view/>
</sys_update_xml>
</unload>
