<?xml version='1.0' encoding='UTF-8'?>
<!DOCTYPE IntegrationConfig PUBLIC "sailpoint.dtd" "sailpoint.dtd">

<!-- (c) Copyright 2010 SailPoint Technologies, Inc., All Rights Reserved. -->

<!-- 
 This file contains an example IntegrationConfig that can be used to configure the TDI integration.
 -->

<IntegrationConfig name="TDI Integration"
                   executor="sailpoint.integration.tdi.TDIIntegrationExecutor"
                   roleSyncStyle="none">
  <Attributes>
    <Map>
      <!-- The TDI integration supports all operations. -->
      <entry key="operations" value="Create,Modify,Delete,Enable,Unlock,SetPassword"/>

      <!-- Change the URL to https if using SSL. -->
      <entry key="url" value="http://tugboat.test.sailpoint.com/"/>

      <!-- These should match the sailpoint.restServerUser and sailpoint.restServerPassword properties -->
      <entry key="username" value="iiq"/>
      <entry key="password" value="secret"/>

      <!--
        This can be set to true to trust all certificates when using SSL.  If false,
        self-signed certificates are accepted regardless of the validity date, and
        certificates that are signed by a trusted signer are accepted if valid.
       -->
      <entry key="trustAllCerts" value="false"/>

      <!-- Specifying these makes IIQ reaggregate the modified account after successful provisioning. -->
      <!--
      <entry key="iiqServiceURL" value="http://iiqserver/identityiq"/>
      <entry key="iiqServiceUsername" value="TDI proxy identity"/>
      <entry key="iiqServicePassword" value="TDI proxy password"/>
       -->
    </Map>
  </Attributes>

  <ManagedResources>
    <ManagedResource name="Active Directory">
      <ApplicationRef>
        <Reference class="sailpoint.object.Application" name="TDI Active Directory"/>
      </ApplicationRef>
    </ManagedResource>
    <ManagedResource name="HR">
      <ApplicationRef>
        <Reference class="sailpoint.object.Application" name="TDI HR"/>
      </ApplicationRef>
    </ManagedResource>
  </ManagedResources>
</IntegrationConfig>
