<?xml version="1.0" encoding="UTF-8"?>
<MetamergeConfig IDIversion="Created by TDI6.1.1 - 2007-02-07" created="Mon Aug 24 10:32:11 CDT 2009" createdBy="administrator" modified="Mon Jul 12 09:07:53 CDT 2010" modifiedBy="Administrator" version="6.1.1">
<Folder name="AssemblyLines">
<AssemblyLine name="IIQ REST Server">
<Settings>
<parameter name="ALPoolSettingsDialog">showALPoolSettings</parameter>
<parameter name="automapattributes">false</parameter>
<parameter name="createTombstones">false</parameter>
<parameter name="debug">false</parameter>
<parameter name="includeGlobalPrologs">true</parameter>
<parameter name="includePrologs"><![CDATA[RequestResult functions
createResourceObject()
getPathParameter()]]></parameter>
<parameter name="nullBehaviorDialog">showNullBehavior</parameter>
</Settings>
<Hooks/>
<CheckpointConfig/>
<SandboxConfig/>
<LogConfig/>
<ContainerEF name="EntryFeedContainer">
<Connector name="IIQ REST Server">
<InheritFrom>/Connectors/REST Server</InheritFrom>
<ConnectorMode>Server</ConnectorMode>
<ConnectorState>Enabled</ConnectorState>
<Configuration>
<InheritFrom>[parent]</InheritFrom>
<parameter name="tcpPort">80</parameter>
<parameter name="useSSL">false</parameter>
</Configuration>
<Parser>
<InheritFrom>[parent]</InheritFrom>
</Parser>
<AttributeMap name="Input">
<InheritFrom>[parent]</InheritFrom>
</AttributeMap>
<AttributeMap name="Output">
<InheritFrom>[parent]</InheritFrom>
</AttributeMap>
<DeltaSettings>
<WhenToCommit>After every database operation</WhenToCommit>
<Driver>CloudScape</Driver>
</DeltaSettings>
<Schema name="Input">
<InheritFrom>[parent]</InheritFrom>
</Schema>
<Schema name="Output">
<InheritFrom>[parent]</InheritFrom>
</Schema>
<LinkCriteria>
<InheritFrom>[parent]</InheritFrom>
</LinkCriteria>
<Hooks>
<InheritFrom>[parent]</InheritFrom>
</Hooks>
<CheckpointConfig/>
<SandboxConfig/>
<Reconnect>
<InheritFrom>[parent]</InheritFrom>
</Reconnect>
<Operations/>
<PoolDefinition>
<InheritFrom>[parent]</InheritFrom>
</PoolDefinition>
<PoolInstance>
<Enabled>false</Enabled>
<ExhaustedPoolBehavior>Wait</ExhaustedPoolBehavior>
</PoolInstance>
</Connector>
</ContainerEF>
<ContainerDF name="DataFlowContainer">
<ALMap name="Parse Operation from request">
<AttributeMap name="Input">
<AttributeMapItem>
<Name>Operation</Name>
<Type>advanced</Type>
<Script><![CDATA[var base = work.getString("http.base");
var operation = getPathParameter(base, 0);

// Default to "ping".
if (null == operation) {
    operation = "ping";
}

ret.value = operation;
]]></Script>
<Simple>Operation</Simple>
<SubstitutionTemplate>ret.value = work.getAttribute("Operation");</SubstitutionTemplate>
</AttributeMapItem>
</AttributeMap>
</ALMap>
<Connector name="Dump work entry">
<ConnectorMode>Script</ConnectorMode>
<ConnectorState>Disabled</ConnectorState>
<Configuration/>
<ConnectorScript><![CDATA[// Dump the work entry
task.dumpEntry(work);
]]></ConnectorScript>
<Parser/>
<AttributeMap name="Input"/>
<AttributeMap name="Output"/>
<DeltaSettings>
<Driver>BTree</Driver>
</DeltaSettings>
<Schema name="Input"/>
<Schema name="Output"/>
<LinkCriteria/>
<Hooks/>
<CheckpointConfig/>
<SandboxConfig/>
<Reconnect>
<InheritFrom>[parent]</InheritFrom>
</Reconnect>
<Operations/>
<PoolDefinition>
<InheritFrom>[parent]</InheritFrom>
</PoolDefinition>
<PoolInstance/>
</Connector>
<Branch name="Switch on Operation">
<Branch name="ping">
<ALMap name="Set ping response">
<AttributeMap name="Input">
<AttributeMapItem>
<Name>http.body</Name>
<Type>advanced</Type>
<Script><![CDATA[ret.value = Packages.sailpoint.integration.JsonUtil.render("IIQ TDI RestServer received your ping.");
]]></Script>
<Simple>http.body</Simple>
</AttributeMapItem>
</AttributeMap>
</ALMap>
<Conditions>
<BranchCondition>
<RightHand>ping</RightHand>
</BranchCondition>
</Conditions>
<MatchAny>false</MatchAny>
<Enabled>true</Enabled>
<Type>4</Type>
</Branch>
<Branch name="provision">
<Connector name="Parse ProvisioningPlan from request">
<ConnectorMode>Script</ConnectorMode>
<ConnectorState>Enabled</ConnectorState>
<Configuration/>
<ConnectorScript><![CDATA[// The identity will be the second positional parameter and the body will
// contain the JSON of the provisioning plan.
var identity = getPathParameter(work.getString("http.base"), 1);
var json = work.getString("http.body");

main.logmsg("DEBUG", "Provisioning identity: " + identity + " -> " + json);

// Parse the JSON into a map and create the provisioning plan.
var planMap = Packages.sailpoint.integration.JsonUtil.parse(json);
var provisioningPlan = new Packages.sailpoint.integration.ProvisioningPlan(planMap);

// Stick the account requests in the work entry so the "iterate account requests"
// loop can access it.
var attr = work.newAttribute("accountRequests");
var accountRequests = provisioningPlan.getAccountRequests();
if (null != accountRequests) {
    for (var it=accountRequests.iterator(); it.hasNext(); ) {
        attr.addValue(it.next());
    }
}
]]></ConnectorScript>
<Parser/>
<AttributeMap name="Input"/>
<AttributeMap name="Output"/>
<DeltaSettings>
<Driver>BTree</Driver>
</DeltaSettings>
<Schema name="Input"/>
<Schema name="Output"/>
<LinkCriteria/>
<Hooks/>
<CheckpointConfig/>
<SandboxConfig/>
<Reconnect>
<InheritFrom>[parent]</InheritFrom>
</Reconnect>
<Operations/>
<PoolDefinition>
<InheritFrom>[parent]</InheritFrom>
</PoolDefinition>
<PoolInstance/>
</Connector>
<Loop name="Iterate account requests">
<LoopType>2</LoopType>
<WorkAttributeName>accountRequests</WorkAttributeName>
<LoopAttributeName>accountRequest</LoopAttributeName>
<Branch name="Iterate account requests">
<ALMap name="Get provisioningAssemblyLineName">
<AttributeMap name="Input">
<AttributeMapItem>
<Name>provisioningAssemblyLineName</Name>
<Type>advanced</Type>
<Script><![CDATA[// Get the account request that was stuck in the work entry by the loop.
var accountRequest = work.getAttribute("accountRequest").getValue(0);

main.logmsg("DEBUG", "In account request loop: " + accountRequest.toMap());

// Construct the assembly line name.
var app = accountRequest.getApplication();
var instance = accountRequest.getInstance();
var alName = app;

// If we have an instance, use it as a suffix for the assembly line name.
if (null != instance) {
    alName += "_" + instance;
}

ret.value = alName;]]></Script>
<Simple>provisioningAssemblyLineName</Simple>
</AttributeMapItem>
</AttributeMap>
</ALMap>
<Connector name="Call provisioning assembly line">
<ConnectorMode>Script</ConnectorMode>
<ConnectorState>Enabled</ConnectorState>
<Configuration/>
<ConnectorScript><![CDATA[// NOTE: Considered using an AssemblyLineFC, but in 6.1.1 this seemed to
// require explicitly specifying a known assembly line.  7.0 seems to be
// better about allowing expressions to determine the assembly line, but
// we'll launch it with javascript to avoid the 6.1.1 problem.

var requestResult = null;
var alName = work.getString("provisioningAssemblyLineName");

// Make sure the assembly line exists.
var alConfig = main.getTask(alName);
if (alConfig == null) {
    // Capture a failure result since there is no assembly line.
    var msg = "No provisioning assembly line '" + work.getString("provisioningAssemblyLineName") + "' - skipping.";
    main.logmsg("WARN", msg);
    requestResult = createRequestResult(false, null, msg);
}
else {
    // Create a TaskCallBlock and set the initial work entry for the assembly
    // line we're about to call.
    var tcb = system.newTCB();
    var initialWorkEntry = system.newEntry();
    initialWorkEntry.addAttributeValue("accountRequest", accountRequest);
    initialWorkEntry.addAttributeValue("identity", identity);
    initialWorkEntry.addAttributeValue("integrationData", provisioningPlan.getIntegrationData());
    initialWorkEntry.addAttributeValue("provisioningPlan", provisioningPlan);
    initialWorkEntry.addAttributeValue("nativeIdentity", accountRequest.getNativeIdentity());
    initialWorkEntry.addAttributeValue("operation", accountRequest.getOperation());
    tcb.setInitialWorkEntry(initialWorkEntry);

    // Try to launch the provisioning plan assembly line.
    try {
        task.logmsg("Starting provisioning plan assembly line: " + alName);
        var al = main.startAL(alName, tcb);
        al.join();

        // Create a RequestResult based on the ALs work entry.
        var alWork = al.getResult();
        var requestResult = buildProvisioningALResult(alWork, alName);

        // Store the AL's work entry to allow notifying provisioning.
        work.addAttributeValue("provisioningAssemblyLineWorkEntry", alWork);
    } catch (al_exception) {
        var msg = "Error running provisioning assembly line (" + alName + "): " + al_exception;
        main.logmsg("ERROR", msg);
        requestResult = createRequestResult(false, null, msg);
    }
}

work.addAttributeValue("provisioningRequestResults", requestResult);
]]></ConnectorScript>
<Parser/>
<AttributeMap name="Input"/>
<AttributeMap name="Output"/>
<DeltaSettings>
<Driver>BTree</Driver>
</DeltaSettings>
<Schema name="Input"/>
<Schema name="Output"/>
<LinkCriteria/>
<Hooks/>
<CheckpointConfig/>
<SandboxConfig/>
<Reconnect>
<InheritFrom>[parent]</InheritFrom>
</Reconnect>
<Operations/>
<PoolDefinition>
<InheritFrom>[parent]</InheritFrom>
</PoolDefinition>
<PoolInstance/>
</Connector>
<Connector name="Notify provisioning">
<ConnectorMode>Script</ConnectorMode>
<ConnectorState>Enabled</ConnectorState>
<Configuration/>
<ConnectorScript><![CDATA[// Call back to IIQ to aggregate the account.
// Only do this for successful account create/update requests when configured.

var acctReq = work.getAttribute("accountRequest").getValue(0);
var reqResult = work.getAttribute("provisioningRequestResults").getValue(0);

var iiqUrl = null;
var iiqUser = null;
var iiqPasswd = null;

// If the integration data specifies these arguments, use them instead of the properties.
var cfg = provisioningPlan.getIntegrationData();
if (null != cfg) {
    iiqUrl = cfg.get("iiqServiceURL");
	iiqUser = cfg.get("iiqServiceUsername");
	iiqPasswd = cfg.get("iiqServicePassword");
}
iiqUrl = (null != iiqUrl) ? iiqUrl : system.getTDIProperty("sailpoint.iiqServiceUrl");

// Only do this if configured and provisioning was successful.
if ((null != iiqUrl) && (0 != iiqUrl.trim().length()) && reqResult.isSuccess()) {

    iiqUser = (null != iiqUser) ? iiqUser : system.getTDIProperty("sailpoint.iiqServiceUsername");
    iiqPasswd = (null != iiqPasswd) ? iiqPasswd : system.getTDIProperty("sailpoint.iiqServicePassword");
    var client = new Packages.sailpoint.integration.IIQClient(iiqUrl, iiqUser, iiqPasswd);

    var alWork = work.getAttribute("provisioningAssemblyLineWorkEntry").getValue(0);
    var resourceObject = createResourceObject(alWork);

    // You can change or override the options for the aggregator here.
    var aggregatorOptions = new java.util.HashMap();
    aggregatorOptions.put("correlateEntitlements", "true");

    try {
        reqResult = client.aggregateAccount(identity, acctReq.getApplication(), resourceObject, aggregatorOptions);
        task.logmsg("INFO", "Aggregating account on " + identity + " resulted in: " + ((null != reqResult) ? reqResult.toMap() : null));
    }
    catch (e) {
    	task.logmsg("ERROR", "Aggregating account on " + identity + " caused exception: " + e);
    }
}]]></ConnectorScript>
<Parser/>
<AttributeMap name="Input"/>
<AttributeMap name="Output"/>
<DeltaSettings>
<Driver>BTree</Driver>
</DeltaSettings>
<Schema name="Input"/>
<Schema name="Output"/>
<LinkCriteria/>
<Hooks/>
<CheckpointConfig/>
<SandboxConfig/>
<Reconnect>
<InheritFrom>[parent]</InheritFrom>
</Reconnect>
<Operations/>
<PoolDefinition>
<InheritFrom>[parent]</InheritFrom>
</PoolDefinition>
<PoolInstance/>
</Connector>
<Conditions/>
<MatchAny>false</MatchAny>
<Enabled>true</Enabled>
<Type>0</Type>
</Branch>
</Loop>
<ALMap name="Send RequestResult">
<AttributeMap name="Input">
<AttributeMapItem>
<Name>http.body</Name>
<Type>advanced</Type>
<Script><![CDATA[// Get the request results out of the work entry and convert them to JSON.
var requestResult = null;

var requestResults = work.getAttribute("provisioningRequestResults");
if (null != requestResults) {
    // Squash all results together and return.
    requestResult = mergeRequestResults(requestResults.getValues());
}
else {
    // No request results, assume success because nothing happened.
    requestResult = createRequestResult(true, null, null);
}

ret.value = Packages.sailpoint.integration.JsonUtil.render(requestResult.toMap());]]></Script>
<Simple>http.body</Simple>
</AttributeMapItem>
</AttributeMap>
</ALMap>
<Conditions>
<BranchCondition>
<RightHand>provision</RightHand>
</BranchCondition>
</Conditions>
<MatchAny>false</MatchAny>
<Enabled>true</Enabled>
<Type>4</Type>
</Branch>
<Branch name="Switch on Operation_default">
<ALMap name="Send unknown operation HTTP error">
<AttributeMap name="Input">
<AttributeMapItem>
<Name>http.body</Name>
<Type>advanced</Type>
<Script>ret.value = Packages.sailpoint.integration.JsonUtil.render("Unknown operation: " + work.getString("Operation"));</Script>
<Simple>http.body</Simple>
</AttributeMapItem>
<AttributeMapItem>
<Name>http.status</Name>
<Type>advanced</Type>
<Script>ret.value = "500";</Script>
<Simple>http.status</Simple>
</AttributeMapItem>
</AttributeMap>
</ALMap>
<Conditions>
<BranchCondition>
<Operator>*</Operator>
</BranchCondition>
</Conditions>
<MatchAny>false</MatchAny>
<Enabled>true</Enabled>
<Type>4</Type>
</Branch>
<Conditions>
<BranchCondition>
<RightHand>{work.Operation}</RightHand>
</BranchCondition>
</Conditions>
<MatchAny>false</MatchAny>
<Enabled>true</Enabled>
<Type>3</Type>
</Branch>
</ContainerDF>
<ThreadOptions>
<parameter name="assemblyline.ehc.executeProlog">false</parameter>
<parameter name="assemblyline.ehc.maxInstance">5</parameter>
</ThreadOptions>
<Operations/>
<InitParams>
<Schema name="AssemblyLineInitParams"/>
</InitParams>
</AssemblyLine>
</Folder>
<Folder name="Connectors">
<Connector name="REST Server">
<InheritFrom>system:/Connectors/ibmdi.HTTPServer</InheritFrom>
<ConnectorMode>Server</ConnectorMode>
<ConnectorState>Enabled</ConnectorState>
<Configuration>
<InheritFrom>[parent]</InheritFrom>
<parameter name="authConnector">(none)</parameter>
<parameter name="authRealm">IIQ TDI REST Server</parameter>
<parameter name="contentType">text/plain; charset=UTF-8</parameter>
<parameter name="debug">false</parameter>
<parameter name="headersAsProperties">false</parameter>
<parameter name="httpAuth">true</parameter>
<parameter name="msgChunked">false</parameter>
<parameter name="needClientAuth">false</parameter>
<parameter name="tcpDataAsProperties">true</parameter>
<parameter name="tcpPort">80</parameter>
<parameter name="useSSL">false</parameter>
</Configuration>
<Parser>
<InheritFrom>[parent]</InheritFrom>
</Parser>
<AttributeMap name="Input">
<InheritFrom>[parent]</InheritFrom>
<AttributeMapItem>
<Name>*</Name>
<Type>simple</Type>
<Simple>*</Simple>
</AttributeMapItem>
</AttributeMap>
<AttributeMap name="Output">
<InheritFrom>[parent]</InheritFrom>
<AttributeMapItem>
<Name>http.body</Name>
<Type>simple</Type>
<Simple>http.body</Simple>
</AttributeMapItem>
<AttributeMapItem>
<Name>http.content-type</Name>
<Type>simple</Type>
<Simple>http.content-type</Simple>
</AttributeMapItem>
<AttributeMapItem>
<Name>http.redirect</Name>
<Type>simple</Type>
<Simple>http.redirect</Simple>
</AttributeMapItem>
<AttributeMapItem>
<Name>http.status</Name>
<Type>simple</Type>
<Simple>http.status</Simple>
</AttributeMapItem>
</AttributeMap>
<DeltaSettings>
<WhenToCommit>After every database operation</WhenToCommit>
<Driver>CloudScape</Driver>
</DeltaSettings>
<Schema name="Input">
<InheritFrom>[parent]</InheritFrom>
<SchemaItem>
<Name>http.Accept</Name>
<Syntax>java.lang.String</Syntax>
</SchemaItem>
<SchemaItem>
<Name>http.Accept-Encoding</Name>
<Syntax>java.lang.String</Syntax>
</SchemaItem>
<SchemaItem>
<Name>http.Accept-Language</Name>
<Syntax>java.lang.String</Syntax>
</SchemaItem>
<SchemaItem>
<Name>http.Connection</Name>
<Syntax>java.lang.String</Syntax>
</SchemaItem>
<SchemaItem>
<Name>http.Host</Name>
<Syntax>java.lang.String</Syntax>
</SchemaItem>
<SchemaItem>
<Name>http.User-Agent</Name>
<Syntax>java.lang.String</Syntax>
</SchemaItem>
<SchemaItem>
<Name>http.base</Name>
<Syntax>java.lang.String</Syntax>
<Presence>Always</Presence>
</SchemaItem>
<SchemaItem>
<Name>http.method</Name>
<Syntax>java.lang.String</Syntax>
<Presence>Always</Presence>
</SchemaItem>
</Schema>
<Schema name="Output">
<InheritFrom>[parent]</InheritFrom>
</Schema>
<LinkCriteria>
<InheritFrom>[parent]</InheritFrom>
</LinkCriteria>
<Hooks>
<InheritFrom>[parent]</InheritFrom>
<Hook>
<Name>after_getnextclient</Name>
<Script><![CDATA[var httpServerConn = conn.getAttribute("connectorInterface").getValue(0);
var username = httpServerConn.getUserName();
var password = httpServerConn.getPassword();

main.logmsg("DEBUG", "REST Server authenticating: " + username + "/" + ((null != password) ? "*****" : "null"));

// Grab the username and password properties.
var allowedUser = system.getTDIProperty("sailpoint.restServerUser");
var allowedPassword = system.getTDIProperty("sailpoint.restServerPassword");

if ((null == allowedUser) || (null == allowedPassword)) {
    task.logmsg("ERROR", "REST Server username and/or password not configured.  Please set sailpoint.restServerUser and sailpoint.restServerPassword properties.");
    system.exitFlow();
}

successful = allowedUser.equals(username) && allowedPassword.equals(password); 

if (!successful) {
	task.logmsg("Authentication not successful!");
	httpServerConn.rejectClientAuthentication();
}
]]></Script>
<Enabled>true</Enabled>
</Hook>
</Hooks>
<CheckpointConfig/>
<SandboxConfig/>
<Reconnect>
<InheritFrom>[parent]</InheritFrom>
<parameter name="initreconnect">false</parameter>
<parameter name="numberOfRetries">1</parameter>
<parameter name="retryDelay">10</parameter>
</Reconnect>
<Operations/>
<PoolDefinition>
<InheritFrom>[parent]</InheritFrom>
<Enabled>false</Enabled>
<MinPoolSize>0</MinPoolSize>
<PurgeInterval>0</PurgeInterval>
<InitializeAttempts>1</InitializeAttempts>
</PoolDefinition>
<PoolInstance/>
</Connector>
</Folder>
<Folder name="Parsers"/>
<Folder name="EventHandlers"/>
<Folder name="Scripts">
<Script name="getPathParameter()">
<parameter name="includeFiles"/>
<parameter name="script"><![CDATA[/**
 * Retrieve a path parameter from the given URI.
 *
 * @param  uri       The URI string (eg - /provision/James.Smith)
 * @param  position  The zero-based position of the path parameter to retrieve.
 *
 * @return The requested path parameter or null if the path doesn't have a
 *         parameter at the requested position.
 */
function getPathParameter(uri, position) {

    var pathParam = null;

    if (uri) {
        // Trim off the leading slash if it's there.
        if (uri.startsWith('/')) {
            uri = uri.substring(1);
        }

        // Split around the slashes.
        var parts = uri.split('/');

        // If we have enough parts, return the right one.
        if (parts.length > position) {
            pathParam = parts[position];
        }
    }

    return pathParam;
}
]]></parameter>
</Script>
<Script name="RequestResult functions">
<parameter name="includeFiles"/>
<parameter name="script"><![CDATA[/**
 * Create a RequestResult object from the given result work entry from a
 * provisioning assembly line.  We recognize the following attributes:
 *
 * 1) provisioningRequestResult: A RequestResult object.
 *
 *  OR
 *
 * 2) provisioningSuccessful: A boolean indication success or failure.
 *    provisioningWarnings: An optional List of Strings with warning messages.
 *    provisioningErrors: An optional List of Strings with error messages.
 *
 * If neither of these attributes is present, a warning is logged and a
 * RequestResult indicating sucess is returned.
 *
 * @param  entry   The work entry from the provisioning assembly line.
 * @param  alName  The name of the provisioning assembly line.
 *
 * @return A RequestResult constructed from the given entry.
 */
function buildProvisioningALResult(entry, alName) {

    // First, look for an actual RequestResult.  If there is one, we're done.
    var attr = entry.getAttribute("provisioningRequestResult");
    if (null != attr) {
        return attr.getValue(0);
    }

    // Next, look for a boolean result and optional messages.
    attr = entry.getAttribute("provisioningSuccessful");
    if (null != attr) {
        var success = attr.getValue(0);
        var status = getRequestResultStatus(success);
        var warnings = null;
        var errors = null;

        attr = entry.getAttribute("provisioningWarnings");
        if (null != attr) {
            warnings = java.util.Arrays.asList(attr.getValues());
        }

        attr = entry.getAttribute("provisioningErrors");
        if (null != attr) {
            errors = java.util.Arrays.asList(attr.getValues());
        }

        return new Packages.sailpoint.integration.RequestResult(status, null, warnings, errors);
    }

    // If we got here there was no result.  Assume that all was peachy but complain about it.
    var msg = "Provisioning assembly line '" + alName + "' returned no result attributes in work entry.  " +
              "Expect either 'provisioningRequestResult' or 'provisioningSuccessful'."
    main.logmsg("WARN", msg);
    return createRequestResult(true, msg, null);
}

/**
 * Convert a success boolean into a RequestRequest.STATUS_* constant.
 *
 * @param  success  A boolean indicating success or failure.
 *
 * @return Either RequestResult.STATUS_SUCCESS or RequestResult.STATUS_FAILURE
 *         depending on the success parameter.
 */
function getRequestResultStatus(success) {
    return (success) ? Packages.sailpoint.integration.RequestResult.STATUS_SUCCESS
                     : Packages.sailpoint.integration.RequestResult.STATUS_FAILURE;
}

/**
 * Helper to create a RequestResult.
 *
 * @param  success  A boolean indicating success or failure.
 * @param  warning  An optional warning.
 * @param  error    An option error.
 *
 * @return A RequestResult with the given values.
 */
function createRequestResult(success, warning, error) {

    var warnings = null;
    var errors = null;

    if (null != warning) {
        warnings = new java.util.ArrayList();
        warnings.add(warning);
    }
    if (null != error) {
        errors = new java.util.ArrayList();
        errors.add(error);
    }

    return new Packages.sailpoint.integration.RequestResult(getRequestResultStatus(success), null, warnings, errors);
}

/**
 * Merge the given array of RequestResults into a single RequestResult.  If any of the
 * RequestResults are failures, the returned RequestResult will have a status of FAILURE.
 *
 * @param  requestResultArray  A non-null array of one or more RequestResults to merge.
 *
 * @return A RequestResult with the status, errors, and warnings merged.
 */
function mergeRequestResults(requestResultArray) {
    var success = true;
    var warnings = null;
    var errors = null;

    for (var i=0; i<requestResultArray.length; i++) {
        var current = requestResultArray[i];
        if (!Packages.sailpoint.integration.RequestResult.STATUS_SUCCESS.equals(current.getStatus())) {
            success = false;
        }

        if (null != current.getWarnings()) {
            if (null == warnings) {
                warnings = new java.util.ArrayList();
            }
            warnings.addAll(current.getWarnings());
        }

        if (null != current.getErrors()) {
            if (null == errors) {
                errors = new java.util.ArrayList();
            }
            errors.addAll(current.getErrors());
        }
    }

    return new Packages.sailpoint.integration.RequestResult(getRequestResultStatus(success), null, warnings, errors);
}
]]></parameter>
</Script>

<Script name="createResourceObject()">
<parameter name="includeFiles"/>
<parameter name="script"><![CDATA[/**
 * Convert the given work entry from the Provisioning assembly line to a Map
 * representation of a resource object.  This assumes that the account was
 * loaded into the work entry by the assembly line.
 *
 * @param  provisioningALWorkEntry  The work entry from the provisioning AL.
 *
 * @return A java.util.Map with the attribute/value pairs of the account.
 */
function createResourceObject(provisioningALWorkEntry) {

    // These attributes get filtered out of the resource object.
    var specialAttrs = new java.util.HashSet();
    // Inputs
    specialAttrs.add("accountRequest");
    specialAttrs.add("identity");
    specialAttrs.add("integrationData");
    specialAttrs.add("provisioningPlan");
    // Common work attributes - leave nativeIdentity ... may need this.
    specialAttrs.add("operation");
    // Outputs
    specialAttrs.add("provisioningSuccessful");
    specialAttrs.add("provisioningErrors");

    // Get the resource object map.
    var resourceObject = new java.util.HashMap();
    for (var attrName in provisioningALWorkEntry.getAttributeNames()) {
        // Prune out any non-resource attributes.
        if (!specialAttrs.contains(attrName) && !attrName.endsWith("_MODS")) {
            var currAttr = provisioningALWorkEntry.getAttribute(attrName);
            var val = null;
            if (currAttr.size() <= 1) {
                val = currAttr.getValue(0);
            }
            else {
                val = currAttr.getValuesVector();
            }

            // Only include the attribute if we can serialize it.
            if (jsonSerializable(val)) {
                // Map nativeIdentity to the special IIQ_nativeIdentity attribute.
            	attrName = ("nativeIdentity" == attrName) ? "IIQ_nativeIdentity" : attrName;
                resourceObject.put(attrName, val);
            }
        }
    }

    main.logmsg("DEBUG", "RESOURCE OBJECT: " + resourceObject);

    return resourceObject;
}

/**
 * Return whether the given value is JSON serializable.
 */
function jsonSerializable(val) {
	try {
		// JsonUtil throws an Exception if the value can't be serialized.
		Packages.sailpoint.integration.JsonUtil.render(val);
	}
	catch (e) {
		return false;
	}
	return true;
}]]></parameter>
</Script>

        <Script name="Provisioning AssemblyLine functions">
            <parameter name="autoInclude">true</parameter>
            <parameter name="includeFiles"/>
            <parameter name="script"><![CDATA[//
// This script contains helper functions that can be used in provisioning
// AssemblyLines, for example common handlers for success and failure and
// to assist in executing commands in AccountRequests.
//

///////////////////////////////////////////////////////////////////////////
//
// ASSEMBLY LINE HOOKS
//
///////////////////////////////////////////////////////////////////////////

/**
 * Typically, this function should be called from the "On Success" hook of
 * a provisioning assembly line to return the appropriate values to the
 * calling IIQ assembly line.
 */
function onSuccessHook() {
    // Only set this if it hasn't already been set in the flow.
    if (null == work.getAttribute("provisioningSuccessful")) {
        work.setAttribute("provisioningSuccessful", new Boolean(true));
    }
}

/**
 * Typically, this function should be called from the "On Failure" hook of
 * a provisioning assembly line to return the appropriate values to the
 * calling IIQ assembly line.
 */
function onFailureHook() {
    var step = error.getString("connectorname");
    var msg = "Error in step '" + step + "': " + error.getString("message");

    work.setAttribute("provisioningSuccessful", new Boolean(false));
    work.addAttributeValue("provisioningErrors", msg);
}


///////////////////////////////////////////////////////////////////////////
//
// CONNECTOR HOOKS
//
///////////////////////////////////////////////////////////////////////////

/**
 * Typically, this function should be called from the "On No Match" hook on
 * connectors that load accounts before they are provisioned.  This add the
 * "accountNotFound" attribute to the work entry, which can be used later to
 * drive different logic.
 */
function onNoMatchHook() {
    work.setAttribute("accountNotFound", new Boolean(true));
}


///////////////////////////////////////////////////////////////////////////
//
// ACCOUNT REQUEST HELPERS
//
///////////////////////////////////////////////////////////////////////////

/**
 * Apply the given AccountRequest to the attributes in the given entry. The 
 * usage of this function will usually follow the given pattern:
 *
 * 1) Load an account into the work entry using a Lookup connector.
 * 2) Run applyAccountRequest(work, accountRequest) to modify the values in
 *    the work entry according to the commands in the AccountRequest.
 * 3) Update the account using a Modify connector.
 *
 * Some connectors also support delta updates, which allow just specifying
 * to add/remove certain values to/from an attribute value, rather than
 * completely overwriting it.  If the connector supports this, you may want
 * to enable the generateDeltaAttrs flag, which will add new attributes to
 * the given entry that have attribute values with operations.  These
 * attributes will be named by adding the "_MODS" suffix to the attribute
 * name (eg - groups_MODS).  This is useful when overwriting an attribute
 * value completely would be prohibitively expensive due to the large number
 * of values.  If using delta attributes, you should change the output map
 * on the update connector to map the delta attribute to the connector
 * attribute instead of using the usual work.<attr> -> <attr> mapping.
 *
 * Note that this can only be used for update and create operations.  Any
 * other account operation will throw an exception.
 *
 * @param  entry               The Entry to which to apply the AccountRequest.
 * @param  accountRequest      The sailpoint.integration.ProvisioningPlan.AccountRequest 
 *                             to apply to the given entry.
 * @param  generateDeltaAttrs  If true, "delta" attributes will be added to the
 *                             given entry.  If not specified this defaults to
 *                             false.
 */
function applyAccountRequest(entry, accountRequest, generateDeltaAttrs) {

    // Only handle create and modify.
    if (!Packages.sailpoint.integration.ProvisioningPlan.OP_ACCOUNT_CREATE.equals(accountRequest.getOperation()) &&
        !Packages.sailpoint.integration.ProvisioningPlan.OP_ACCOUNT_MODIFY.equals(accountRequest.getOperation())) {
        var msg = "Account request operation not handled by applyAccountRequest(): " + accountRequest.getOperation();
        task.logmsg(msg);
        throw msg;
    }

    // Iterate AttributeRequests and handle them.
    var attrReqs = accountRequest.getAttributeRequests();
    if (null != attrReqs) {
        for (var it=attrReqs.iterator(); it.hasNext(); ) {
            applyAttributeRequest(entry, it.next(), generateDeltaAttrs);
        }
    }

    // Iterate PerminssionRequests and handle them.
    var permReqs = accountRequest.getPermissionRequests();
    if (null != permReqs) {
        for (var it=permReqs.iterator(); it.hasNext(); ) {
            applyPermissionRequest(entry, it.next(), generateDeltaAttrs);
        }
    }

    return true;
}

/**
 * Apply the given AttributeRequest to the entry.
 */
function applyAttributeRequest(entry, attrReq, generateDeltaAttrs) {
    applyRequest(entry, attrReq.getName(), attrReq.getValue(), attrReq.getOperation(), true, generateDeltaAttrs);
}

/**
 * Apply the given PermissionRequest to the entry.
 */
function applyPermissionRequest(entry, permReq, generateDeltaAttrs) {

    applyRequest(entry, permReq.getTarget(), permReq.getRightsList(), permReq.getOperation(), false, generateDeltaAttrs);
}

/**
 * Apply the given attribute and value to the given entry using the specified operation.
 */
function applyRequest(entry, attr, val, op, isAttrRequest, generateDeltaAttrs) {

    var type = (isAttrRequest) ? "attribute" : "permission";
    main.logmsg("DEBUG", "applying " + type + " request: " + op + " " + attr + "=" + val);

    if (Packages.sailpoint.integration.ProvisioningPlan.OP_ADD.equals(op)) {
        addValue(entry, attr, val, generateDeltaAttrs);
    }
    else if (Packages.sailpoint.integration.ProvisioningPlan.OP_SET.equals(op)) {
        setValue(entry, attr, val);
    }
    else if (Packages.sailpoint.integration.ProvisioningPlan.OP_REMOVE.equals(op)) {
        removeValue(entry, attr, val, generateDeltaAttrs);
    }
}


function addValue(entry, attrName, value, generateDeltaAttrs) {
    var list = toList(value);
    var deltaAttr = createDeltaAttr(entry, attrName, generateDeltaAttrs);

    for (var it=list.iterator(); it.hasNext(); ) {
    	var val = it.next();
        entry.addAttributeValue(attrName, val);
        if (null != deltaAttr) {
        	deltaAttr.addValue(val, Packages.com.ibm.di.entry.AttributeValue.AV_ADD);
        }
    }
}

function setValue(entry, attrName, value) {
    // Clear the attribute from the entry, then add.
    entry.removeAttribute(attrName);
    addValue(entry, attrName, value);
}

function removeValue(entry, attrName, value, generateDeltaAttrs) {
    var attribute = entry.getAttribute(attrName);
    var list = toList(value);
    var deltaAttr = createDeltaAttr(entry, attrName, generateDeltaAttrs);

    for (var it=list.iterator(); it.hasNext(); ) {
    	var val = it.next();
    	if (null != attribute) {
            attribute.removeValue(val);
        }
        if (null != deltaAttr) {
        	deltaAttr.addValue(val, Packages.com.ibm.di.entry.AttributeValue.AV_DELETE);
        }
    }
}

function createDeltaAttr(entry, attrName, generateDeltaAttrs) {
    return (generateDeltaAttrs) ? entry.newAttribute(attrName + "_MODS") : null;
}

function toList(value) {
    var list = null;

    if (new java.util.ArrayList().getClass().isInstance(value)) {
        list = value;
    }
    else {
        list = new java.util.ArrayList();
        list.add(value);
    }

    return list;
}

/**
 * Return the password that is being set in the given AccountRequest, or null
 * if a password is not being set.
 *
 * @param  acctReq  The sailpoint.integration.ProvisioningPlan.AccountRequest.
 *                  This is optional - if null we will look in the work entry.
 */
function getPasswordFromAccountRequest(acctReq) {
	var attrReq = getPasswordAttributeRequest(acctReq);
	return (null != attrReq) ? attrReq.getValue() : null;
}

/**
 * Return the password that is being set in the given AccountRequest, or null
 * if a password is not being set.
 *
 * @param  acctReq  The sailpoint.integration.ProvisioningPlan.AccountRequest.
 *                  This is optional - if null we will look in the work entry.
 */
function getCurrentPasswordFromAccountRequest(acctReq) {
	var current = null;
	var attrReq = getPasswordAttributeRequest(acctReq);
	if (null != attrReq) {
		var args = attrReq.getArguments();
		if (null != args) {
			current = args.get("currentPassword");
		}
	}
	return current;
}

/**
 * Return the password AttributeRequest from the given AccountRequest, or null
 * if a password is not being set.
 *
 * @param  acctReq  The sailpoint.integration.ProvisioningPlan.AccountRequest.
 *                  This is optional - if null we will look in the work entry.
 */
function getPasswordAttributeRequest(acctReq) {
	if (null == acctReq) {
		var acctReqAttr = work.getAttribute("accountRequest");
		acctReq = (null != acctReqAttr) ? acctReqAttr.getValue(0) : null;
	}

	if ((null != acctReq) && (null != acctReq.getAttributeRequests())) {
	    for (var it=acctReq.getAttributeRequests().iterator(); it.hasNext(); ) {
	        var current = it.next();
    	    if ("password".equals(current.getName())) {
	        	return current;
	        }
	    }
	}

	return null;
}]]></parameter>
        </Script>

</Folder>
<JavaLibraries/>
<JavaProperties/>
<Folder name="Includes"/>
<Folder name="Config">
<LogConfig name="Logging"/>
<InstanceProperties name="AutoStart">
<AutoStart/>
</InstanceProperties>
<TombstonesConfig name="Tombstones"/>
<SolutionInterface name="SolutionInterface"/>
</Folder>
<Folder name="Functions"/>
<Folder name="AttributeMaps"/>
<Properties name="Properties">
<Stores>
<PropertyStore name="Solution-Properties">
<Parser/>
<RawConnector>
<InheritFrom>system:/Connectors/ibmdi.Properties</InheritFrom>
<parameter name="collectionType">Solution-Properties</parameter>
</RawConnector>
<Key>key</Key>
<Value>value</Value>
<ReadOnly>false</ReadOnly>
<InitialLoad>true</InitialLoad>
<CacheTimeout>0</CacheTimeout>
</PropertyStore>
<PropertyStore name="Global-Properties">
<Parser/>
<RawConnector>
<InheritFrom>system:/Connectors/ibmdi.Properties</InheritFrom>
<parameter name="collectionType">Global-Properties</parameter>
</RawConnector>
<Key>key</Key>
<Value>value</Value>
<ReadOnly>false</ReadOnly>
<InitialLoad>true</InitialLoad>
<CacheTimeout>0</CacheTimeout>
</PropertyStore>
<PropertyStore name="Java-Properties">
<Parser/>
<RawConnector>
<InheritFrom>system:/Connectors/ibmdi.Properties</InheritFrom>
<parameter name="collectionType">Java-Properties</parameter>
</RawConnector>
<Key>key</Key>
<Value>value</Value>
<ReadOnly>false</ReadOnly>
<InitialLoad>true</InitialLoad>
<CacheTimeout>0</CacheTimeout>
</PropertyStore>
<PropertyStore name="System-Properties">
<Parser/>
<RawConnector>
<InheritFrom>system:/Connectors/ibmdi.Properties</InheritFrom>
<parameter name="collectionType">System-Properties</parameter>
</RawConnector>
<Key>key</Key>
<Value>value</Value>
<ReadOnly>false</ReadOnly>
<InitialLoad>true</InitialLoad>
<CacheTimeout>0</CacheTimeout>
</PropertyStore>
</Stores>
</Properties>
</MetamergeConfig>
