<?xml version='1.0' encoding='UTF-8'?>
<!DOCTYPE Application PUBLIC "sailpoint.dtd" "sailpoint.dtd">
<Application connector="sailpoint.connector.UnixConnector" featuresString="AUTHENTICATE" name="Unix" profileClass="" type="Unix">
  <Attributes>
    <Map>
      <entry key="compositeDefinition" value=""/>
      <entry key="filetransport" value="scp"/>
      <entry key="groupfile" value="/etc/group"/>
      <entry key="host" value="speedboat.sailpoint.com"/>
      <entry key="passwdfile" value="/etc/passwd"/>
      <entry key="transportUser" value="root"/>
      <entry key="transportUserPassword" value="1:QKvJ4EBenB+C7rqUJF6wog=="/>
    </Map>
  </Attributes>
  <Owner>
    <Reference class="sailpoint.object.Identity" name="spadmin"/>
  </Owner>
  <Schemas>
    <Schema displayAttribute="userName" identityAttribute="userName" instanceAttribute="" nativeObjectType="User" objectType="account">
      <AttributeDefinition name="userId" remediationModificationType="None" type="string">
        <Description>User Id</Description>
      </AttributeDefinition>
      <AttributeDefinition name="userName" remediationModificationType="None" type="string">
        <Description>User Name</Description>
      </AttributeDefinition>
      <AttributeDefinition name="homeDirectory" remediationModificationType="None" type="string">
        <Description>Home Directory</Description>
      </AttributeDefinition>
      <AttributeDefinition name="shell" remediationModificationType="None" type="string">
        <Description>Login Shell</Description>
      </AttributeDefinition>
      <AttributeDefinition name="userIdInfo" remediationModificationType="None" type="string">
        <Description>User Information</Description>
      </AttributeDefinition>
      <AttributeDefinition name="primaryGroupId" remediationModificationType="None" type="string">
        <Description>Primary Group Id</Description>
      </AttributeDefinition>
      <AttributeDefinition name="primaryGroupName" remediationModificationType="None" type="string">
        <Description>Primary Group Name</Description>
      </AttributeDefinition>
      <AttributeDefinition entitlement="true" multi="true" name="groups" remediationModificationType="None" type="string">
        <Description>List of groups a user is assigned</Description>
      </AttributeDefinition>
    </Schema>
    <Schema displayAttribute="groupName" identityAttribute="groupName" instanceAttribute="" nativeObjectType="group" objectType="group">
      <AttributeDefinition name="groupName" remediationModificationType="None" type="string">
        <Description>Group Name</Description>
      </AttributeDefinition>
      <AttributeDefinition name="groupId" remediationModificationType="None" type="string">
        <Description>Group Id</Description>
      </AttributeDefinition>
      <AttributeDefinition multi="true" name="members" remediationModificationType="None" type="string">
        <Description>List of users assigned to this group, either directly or from primary group assignment</Description>
      </AttributeDefinition>
    </Schema>
  </Schemas>
  <Templates>
    <Template name="account">
      <Field displayName="accountId" name="accountId" reviewRequired="true" type="string">
        <Script>
          <Source>return identity.getFirstname().toLowerCase().charAt(0) + identity.getLastname().toLowerCase();</Source>
        </Script>
      </Field>
      <Field displayName="homeDirectory" name="homeDirectory" reviewRequired="true" type="string">
        <Script>
          <Source>return "/home/" + identity.getFirstname().toLowerCase().charAt(0) + identity.getLastname().toLowerCase();</Source>
        </Script>
      </Field>
      <Field displayName="shell" name="shell" reviewRequired="true" type="string" value="/bin/bash"/>
      <Field displayName="primaryGroupId" name="primaryGroupId" reviewRequired="true" type="string"/>
      <Field displayName="password" name="password" reviewRequired="true" type="secret"/>
    </Template>
  </Templates>
</Application>
