<?xml version="1.0" encoding="UTF-8"?>
<MetamergeConfig IDIversion="Created by TDI6.1.1 - 2007-02-07" created="Tue Aug 31 15:51:32 CDT 2010" createdBy="Administrator" modified="Tue Aug 31 15:54:59 CDT 2010" modifiedBy="Administrator" version="6.1.1">
    <Folder name="AssemblyLines">
        
        
        
        
        
        
        
        
        
        
        
        
        
        
        <AssemblyLine name="Unix">
            <Settings>
                <parameter name="ALPoolSettingsDialog">showALPoolSettings</parameter>
                <parameter name="automapattributes">false</parameter>
                <parameter name="createTombstones">false</parameter>
                <parameter name="debug">false</parameter>
                <parameter name="includeGlobalPrologs">true</parameter>
                <parameter name="includePrologs"/>
                <parameter name="nullBehaviorDialog">showNullBehavior</parameter>
            </Settings>
            <Hooks>
                <Hook name="onfailure">
                    <Name>onfailure</Name>
                    <Script>onFailureHook();</Script>
                    <Enabled>true</Enabled>
                    <DebugBreak>false</DebugBreak>
                </Hook>
                <Hook name="onsuccess">
                    <Name>onsuccess</Name>
                    <Script>onSuccessHook();</Script>
                    <Enabled>true</Enabled>
                </Hook>
            </Hooks>
            <CheckpointConfig/>
            <SandboxConfig/>
            <SimulationConfig>
                <SimulationStates>
                    <Component name="IF create or modify" state="Enabled"/>
                    <Component name="IF modify" state="Enabled"/>
                    <Component name="Setup load groups" state="Enabled"/>
                    <Component name="Remote CLI Unix" state="Simulated"/>
                    <Component name="Set current groups in work entry" state="Enabled"/>
                    <Component name="applyAccountRequest" state="Enabled"/>
                    <Component name="Setup useradd usermod command" state="Enabled"/>
                    <Component name="Remote CLI Unix_1" state="Simulated"/>
                    <Component name="IF hasPassword" state="Enabled"/>
                    <Component name="Setup uname command" state="Enabled"/>
                    <Component name="Remote CLI Unix_2" state="Simulated"/>
                    <Component name="Determine OS" state="Enabled"/>
                    <Component name="Setup passwd command" state="Enabled"/>
                    <Component name="Remote CLI Unix_3" state="Simulated"/>
                    <Component name="ELSE IF delete" state="Enabled"/>
                    <Component name="Setup userdel command" state="Enabled"/>
                    <Component name="Remote CLI Unix_4" state="Simulated"/>
                    <Component name="ELSE IF disable enable lock or unlock" state="Enabled"/>
                    <Component name="Setup lock unlock command" state="Enabled"/>
                    <Component name="Remote CLI Unix_5" state="Simulated"/>
                    <Component name="ELSE unhandled operation" state="Enabled"/>
                    <Component name="unhandled operation" state="Enabled"/>
                </SimulationStates>
                <ProxySettings/>
            </SimulationConfig>
	    <LogConfig/>
            <ContainerEF name="EntryFeedContainer"/>
            <ContainerDF name="DataFlowContainer">
                <Branch name="IF create or modify">
                    <Branch name="IF modify">
                        <ALMap name="Setup load groups">
                            <InheritFrom>[no inheritance]</InheritFrom>
                            <AttributeMap name="Input">
                                <InheritFrom>[parent]</InheritFrom>
                                <AttributeMapItem>
                                    <Name>command.line</Name>
                                    <Type>advanced</Type>
                                    <Script><![CDATA[// Execute two commands at once so that we only connect once.
// Get the primary group name and all group names.
ret.value = "id -gn " + work.getString("nativeIdentity") + " && id -Gn " + work.getString("nativeIdentity");]]></Script>
                                </AttributeMapItem>
                            </AttributeMap>
                            <State>Enabled</State>
                        </ALMap>
                        <Function name="Remote CLI Unix">
                            <InheritFrom>/Functions/Remote CLI Unix</InheritFrom>
                            <ConnectorState>Enabled</ConnectorState>
                            <Schema name="Input">
                                <InheritFrom>[parent]</InheritFrom>
                            </Schema>
                            <Schema name="Output">
                                <InheritFrom>[parent]</InheritFrom>
                            </Schema>
                            <Hooks>
                                <InheritFrom>[parent]</InheritFrom>
                            </Hooks>
                            <Configuration>
                                <InheritFrom>[parent]</InheritFrom>
                            </Configuration>
                            <SandboxConfig/>
                            <AttributeMap name="Input">
                                <InheritFrom>[parent]</InheritFrom>
                            </AttributeMap>
                            <AttributeMap name="Output">
                                <InheritFrom>[parent]</InheritFrom>
                            </AttributeMap>
                        </Function>
                        <ALMap name="Set current groups in work entry">
                            <InheritFrom>[no inheritance]</InheritFrom>
                            <AttributeMap name="Input">
                                <InheritFrom>[parent]</InheritFrom>
                                <AttributeMapItem>
                                    <Name>groups</Name>
                                    <Type>advanced</Type>
                                    <Script><![CDATA[// The previous commands will return two lines - the first with the primary group, the second with ALL groups.
var output = work.getString("command.out");
var lines = output.split("\n");

// Get the list of all of the groups.
var primary = lines[0];
var groups = lines[1];

task.logmsg("Loaded groups for " + work.getString("nativeIdentity") + ": " + groups);
task.logmsg("Primary group for " + work.getString("nativeIdentity") + ": " + primary);

// Remove the primary group from this list.
var parts = groups.split(" ");
var newGroups = new java.util.ArrayList();
for (var i=0; i<parts.length; i++) {
	var group = parts[i].trim();
	task.logmsg("Checking group: " + group);
	if (!primary.equals(group)) {
		task.logmsg("Group is not primary (" + primary + ") - adding...");
		newGroups.add(group);
	}
}

task.logmsg("Current groups for " + work.getString("nativeIdentity") + ": " + newGroups);

ret.value = newGroups;]]></Script>
                                </AttributeMapItem>
                            </AttributeMap>
                            <State>Enabled</State>
                        </ALMap>
                        <Conditions>
                            <BranchCondition>
                                <LeftHand>operation</LeftHand>
                                <Operator>equals</Operator>
                                <RightHand>Modify</RightHand>
                            </BranchCondition>
                        </Conditions>
                        <MatchAny>false</MatchAny>
                        <Enabled>true</Enabled>
                        <Type>0</Type>
                    </Branch>
                    <Connector name="applyAccountRequest">
                        <ConnectorMode>Script</ConnectorMode>
                        <ConnectorState>Enabled</ConnectorState>
                        <Configuration/>
                        <ConnectorScript>applyAccountRequest(work, work.getAttribute("accountRequest").getValue(0));</ConnectorScript>
                        <Parser>
                            <Schema name="Input">
                                <InheritFrom>[parent]</InheritFrom>
                            </Schema>
                            <Schema name="Output">
                                <InheritFrom>[parent]</InheritFrom>
                            </Schema>
                        </Parser>
                        <AttributeMap name="Input"/>
                        <AttributeMap name="Output"/>
                        <DeltaSettings>
                            <Driver>BTree</Driver>
                        </DeltaSettings>
                        <Schema name="Input">
                            <InheritFrom>[parent]</InheritFrom>
                        </Schema>
                        <Schema name="Output">
                            <InheritFrom>[parent]</InheritFrom>
                        </Schema>
                        <LinkCriteria/>
                        <Hooks/>
                        <CheckpointConfig/>
                        <SandboxConfig/>
                        <Reconnect>
                            <InheritFrom>[parent]</InheritFrom>
                            <ReconnectRules/>
                        </Reconnect>
                        <Operations/>
                        <PoolDefinition>
                            <InheritFrom>[parent]</InheritFrom>
                        </PoolDefinition>
                        <PoolInstance/>
                        <InitializeOption>0</InitializeOption>
                    </Connector>
                    <ALMap name="Setup useradd usermod command">
                        <InheritFrom>[no inheritance]</InheritFrom>
                        <AttributeMap name="Input">
                            <InheritFrom>[parent]</InheritFrom>
                            <AttributeMapItem>
                                <Name>command.line</Name>
                                <Type>advanced</Type>
                                <Script><![CDATA[// useradd [-c comment] [-d home_dir]
//         [-e expire_date] [-f inactive_time]
//         [-g initial_group] [-G group[,...]]
//         [-m [-k skeleton_dir] | -M] [-n] [-o] [-p passwd] [-r] [-l]
//         [-s shell] [-u uid] login

var switches = "";

// Add the identity name as a comment.
switches += "-c \"" + work.getString("identity") + "\"";

// Get the optional attributes.
var homeDir = work.getString("homeDirectory");
var shell = work.getString("shell");
var primaryGroupId = work.getString("primaryGroupId");
var groups = null;
var groupsAttr = work.getAttribute("groups");
if (null != groupsAttr) {
	var vals = groupsAttr.getValues();
	if ((null != vals) && (vals.length > 0)) {
		groups = "";
		var sep = "";
		for (var i=0; i<vals.length; i++) {
			groups += sep + vals[i];
			sep = ",";
		} 
	}
}

if ((null != homeDir) && (0 < homeDir.length())) {
	switches += " -d " + homeDir;

    // Add -m to create the home directory.  Consider a -k for the skeleton directory.
    switches += " -m";
}
if ((null != shell) && (0 < shell.length())) {
	switches += " -s " + shell;
}
if ((null != primaryGroupId) && (0 < primaryGroupId.length())) {
	switches += " -g " + primaryGroupId;
}
if ((null != groups) && (0 < groups.length())) {
	switches += " -G " + groups;
}

var cmd = "Create".equals(work.getString("operation")) ? "useradd" : "usermod";
ret.value = cmd + " " + switches + " " + work.getString("nativeIdentity");]]></Script>
                            </AttributeMapItem>
                        </AttributeMap>
                        <State>Enabled</State>
                    </ALMap>
                    <Function name="Remote CLI Unix_1">
                        <InheritFrom>/Functions/Remote CLI Unix</InheritFrom>
                        <ConnectorState>Enabled</ConnectorState>
                        <Schema name="Input">
                            <InheritFrom>[parent]</InheritFrom>
                        </Schema>
                        <Schema name="Output">
                            <InheritFrom>[parent]</InheritFrom>
                        </Schema>
                        <Hooks>
                            <InheritFrom>[parent]</InheritFrom>
                        </Hooks>
                        <Configuration>
                            <InheritFrom>[parent]</InheritFrom>
                        </Configuration>
                        <SandboxConfig/>
                        <AttributeMap name="Input">
                            <InheritFrom>[parent]</InheritFrom>
                        </AttributeMap>
                        <AttributeMap name="Output">
                            <InheritFrom>[parent]</InheritFrom>
                        </AttributeMap>
                    </Function>
                    <Branch name="IF hasPassword">
                        <ALMap name="Setup uname command">
                            <InheritFrom>[no inheritance]</InheritFrom>
                            <AttributeMap name="Input">
                                <InheritFrom>[parent]</InheritFrom>
                                <AttributeMapItem>
                                    <Name>command.line</Name>
                                    <Type>advanced</Type>
                                    <Script>ret.value = "uname";</Script>
                                </AttributeMapItem>
                            </AttributeMap>
                            <State>Enabled</State>
                        </ALMap>
                        <Function name="Remote CLI Unix_2">
                            <InheritFrom>/Functions/Remote CLI Unix</InheritFrom>
                            <ConnectorState>Enabled</ConnectorState>
                            <Schema name="Input">
                                <InheritFrom>[parent]</InheritFrom>
                            </Schema>
                            <Schema name="Output">
                                <InheritFrom>[parent]</InheritFrom>
                            </Schema>
                            <Hooks>
                                <InheritFrom>[parent]</InheritFrom>
                            </Hooks>
                            <Configuration>
                                <InheritFrom>[parent]</InheritFrom>
                            </Configuration>
                            <SandboxConfig/>
                            <AttributeMap name="Input">
                                <InheritFrom>[parent]</InheritFrom>
                            </AttributeMap>
                            <AttributeMap name="Output">
                                <InheritFrom>[parent]</InheritFrom>
                            </AttributeMap>
                        </Function>
                        <ALMap name="Determine OS">
                            <InheritFrom>[no inheritance]</InheritFrom>
                            <AttributeMap name="Input">
                                <InheritFrom>[parent]</InheritFrom>
                                <AttributeMapItem>
                                    <Name>isAIX</Name>
                                    <Type>advanced</Type>
                                    <Script>ret.value = work.getString("command.out").toLowerCase().startsWith("aix");</Script>
                                </AttributeMapItem>
                                <AttributeMapItem>
                                    <Name>isLinux</Name>
                                    <Type>advanced</Type>
                                    <Script>ret.value = work.getString("command.out").toLowerCase().startsWith("linux");</Script>
                                </AttributeMapItem>
                            </AttributeMap>
                            <State>Enabled</State>
                        </ALMap>
                        <ALMap name="Setup passwd command">
                            <InheritFrom>[no inheritance]</InheritFrom>
                            <AttributeMap name="Input">
                                <InheritFrom>[parent]</InheritFrom>
                                <AttributeMapItem>
                                    <Name>command.line</Name>
                                    <Type>advanced</Type>
                                    <Script><![CDATA[var password = work.getString("password");
var id = work.getString("nativeIdentity");

var aix = work.getAttribute("isAIX").getValue(0);
var cmd = null;

// AIX doesn't support the --stdin arg for passwd.
if (aix) {
	cmd = "echo '" + id + ":" + password + "' | /bin/chpasswd -c";
}
else {
	cmd = "echo '" + password + "' | passwd --stdin " + id;
}

ret.value = cmd;]]></Script>
                                </AttributeMapItem>
                            </AttributeMap>
                            <State>Enabled</State>
                        </ALMap>
                        <Function name="Remote CLI Unix_3">
                            <InheritFrom>/Functions/Remote CLI Unix</InheritFrom>
                            <ConnectorState>Enabled</ConnectorState>
                            <Schema name="Input">
                                <InheritFrom>[parent]</InheritFrom>
                            </Schema>
                            <Schema name="Output">
                                <InheritFrom>[parent]</InheritFrom>
                            </Schema>
                            <Hooks>
                                <InheritFrom>[parent]</InheritFrom>
                            </Hooks>
                            <Configuration>
                                <InheritFrom>[parent]</InheritFrom>
                            </Configuration>
                            <SandboxConfig/>
                            <AttributeMap name="Input">
                                <InheritFrom>[parent]</InheritFrom>
                            </AttributeMap>
                            <AttributeMap name="Output">
                                <InheritFrom>[parent]</InheritFrom>
                            </AttributeMap>
                        </Function>
                        <Conditions>
                            <BranchCondition>
                                <LeftHand>password</LeftHand>
                                <Operator>exists</Operator>
                                <RightHand/>
                            </BranchCondition>
                        </Conditions>
                        <MatchAny>false</MatchAny>
                        <Enabled>true</Enabled>
                        <Type>0</Type>
                    </Branch>
                    <ScriptCondition/>
                    <Conditions>
                        <BranchCondition>
                            <LeftHand>operation</LeftHand>
                            <Operator>equals</Operator>
                            <RightHand>Create</RightHand>
                            <CaseSensitive>true</CaseSensitive>
                        </BranchCondition>
                        <BranchCondition>
                            <LeftHand>operation</LeftHand>
                            <Operator>equals</Operator>
                            <RightHand>Modify</RightHand>
                        </BranchCondition>
                    </Conditions>
                    <MatchAny>true</MatchAny>
                    <Enabled>true</Enabled>
                    <Type>0</Type>
                </Branch>
                <Branch name="ELSE IF delete">
                    <ALMap name="Setup userdel command">
                        <InheritFrom>[no inheritance]</InheritFrom>
                        <AttributeMap name="Input">
                            <InheritFrom>[parent]</InheritFrom>
                            <AttributeMapItem>
                                <Name>command.line</Name>
                                <Type>advanced</Type>
                                <Script><![CDATA[// userdel [-r] login

var deleteHomeDir = true;

var switches = "";
if (deleteHomeDir) {
	switches += "-r";
}

ret.value = "userdel " + switches + " " + work.getString("nativeIdentity");]]></Script>
                            </AttributeMapItem>
                        </AttributeMap>
                        <State>Enabled</State>
                    </ALMap>
                    <Function name="Remote CLI Unix_4">
                        <InheritFrom>/Functions/Remote CLI Unix</InheritFrom>
                        <ConnectorState>Enabled</ConnectorState>
                        <Schema name="Input">
                            <InheritFrom>[parent]</InheritFrom>
                        </Schema>
                        <Schema name="Output">
                            <InheritFrom>[parent]</InheritFrom>
                        </Schema>
                        <Hooks>
                            <InheritFrom>[parent]</InheritFrom>
                        </Hooks>
                        <Configuration>
                            <InheritFrom>[parent]</InheritFrom>
                        </Configuration>
                        <SandboxConfig/>
                        <AttributeMap name="Input">
                            <InheritFrom>[parent]</InheritFrom>
                        </AttributeMap>
                        <AttributeMap name="Output">
                            <InheritFrom>[parent]</InheritFrom>
                        </AttributeMap>
                    </Function>
                    <Conditions>
                        <BranchCondition>
                            <LeftHand>operation</LeftHand>
                            <Operator>equals</Operator>
                            <RightHand>Delete</RightHand>
                            <CaseSensitive>true</CaseSensitive>
                        </BranchCondition>
                    </Conditions>
                    <MatchAny>false</MatchAny>
                    <Enabled>true</Enabled>
                    <Type>1</Type>
                </Branch>
                <Branch name="ELSE IF disable enable lock or unlock">
                    <ALMap name="Setup lock unlock command">
                        <InheritFrom>[no inheritance]</InheritFrom>
                        <AttributeMap name="Input">
                            <InheritFrom>[parent]</InheritFrom>
                            <AttributeMapItem>
                                <Name>command.line</Name>
                                <Type>advanced</Type>
                                <Script><![CDATA[// usermod [-L|-U] login

var op = work.getString("operation");
var lock = "Lock".equals(op) || "Disable".equals(op);

var switches = (lock) ? "-L" : "-U";

ret.value = "usermod " + switches + " " + work.getString("nativeIdentity");]]></Script>
                            </AttributeMapItem>
                        </AttributeMap>
                        <State>Enabled</State>
                    </ALMap>
                    <Function name="Remote CLI Unix_5">
                        <InheritFrom>/Functions/Remote CLI Unix</InheritFrom>
                        <ConnectorState>Enabled</ConnectorState>
                        <Schema name="Input">
                            <InheritFrom>[parent]</InheritFrom>
                        </Schema>
                        <Schema name="Output">
                            <InheritFrom>[parent]</InheritFrom>
                        </Schema>
                        <Hooks>
                            <InheritFrom>[parent]</InheritFrom>
                        </Hooks>
                        <Configuration>
                            <InheritFrom>[parent]</InheritFrom>
                        </Configuration>
                        <SandboxConfig/>
                        <AttributeMap name="Input">
                            <InheritFrom>[parent]</InheritFrom>
                        </AttributeMap>
                        <AttributeMap name="Output">
                            <InheritFrom>[parent]</InheritFrom>
                        </AttributeMap>
                    </Function>
                    <Conditions>
                        <BranchCondition>
                            <LeftHand>operation</LeftHand>
                            <Operator>equals</Operator>
                            <RightHand>Disable</RightHand>
                            <CaseSensitive>true</CaseSensitive>
                        </BranchCondition>
                        <BranchCondition>
                            <LeftHand>operation</LeftHand>
                            <Operator>equals</Operator>
                            <RightHand>Enable</RightHand>
                        </BranchCondition>
                        <BranchCondition>
                            <LeftHand>operation</LeftHand>
                            <Operator>equals</Operator>
                            <RightHand>Lock</RightHand>
                        </BranchCondition>
                        <BranchCondition>
                            <LeftHand>operation</LeftHand>
                            <Operator>equals</Operator>
                            <RightHand>Unlock</RightHand>
                        </BranchCondition>
                    </Conditions>
                    <MatchAny>true</MatchAny>
                    <Enabled>true</Enabled>
                    <Type>1</Type>
                </Branch>
                <Branch name="ELSE unhandled operation">
                    <Connector name="unhandled operation">
                        <ConnectorMode>Script</ConnectorMode>
                        <ConnectorState>Enabled</ConnectorState>
                        <Configuration/>
                        <ConnectorScript><![CDATA[// Received an unhandled operation, so fail.
var msg = "Account request operation '" + work.getString("operation") + "' is not handled.";
work.setAttribute("provisioningSuccessful", new Boolean(false));
work.addAttributeValue("provisioningErrors", msg);
]]></ConnectorScript>
                        <Parser>
                            <Schema name="Input">
                                <InheritFrom>[parent]</InheritFrom>
                            </Schema>
                            <Schema name="Output">
                                <InheritFrom>[parent]</InheritFrom>
                            </Schema>
                        </Parser>
                        <AttributeMap name="Input"/>
                        <AttributeMap name="Output"/>
                        <DeltaSettings>
                            <Driver>BTree</Driver>
                        </DeltaSettings>
                        <Schema name="Input">
                            <InheritFrom>[parent]</InheritFrom>
                        </Schema>
                        <Schema name="Output">
                            <InheritFrom>[parent]</InheritFrom>
                        </Schema>
                        <LinkCriteria/>
                        <Hooks/>
                        <CheckpointConfig/>
                        <SandboxConfig/>
                        <Reconnect>
                            <InheritFrom>[parent]</InheritFrom>
                            <ReconnectRules/>
                        </Reconnect>
                        <Operations/>
                        <PoolDefinition>
                            <InheritFrom>[parent]</InheritFrom>
                        </PoolDefinition>
                        <PoolInstance/>
                        <InitializeOption>0</InitializeOption>
                    </Connector>
                    <Conditions/>
                    <MatchAny>false</MatchAny>
                    <Enabled>true</Enabled>
                    <Type>2</Type>
                </Branch>
            </ContainerDF>
            <ThreadOptions/>
            <Operations/>
            <InitParams>
                <Schema name="AssemblyLineInitParams"/>
            </InitParams>
        </AssemblyLine>
    </Folder>
    <Folder name="Connectors">
        
        
        
        
        
        
        
        
        
    </Folder>
    <Folder name="Parsers"/>
    <Folder name="Scripts"/>
    <JavaLibraries/>
    <JavaProperties/>
    <Folder name="Includes"/>
    <Folder name="Config">
        <LogConfig name="Logging"/>
        <InstanceProperties name="AutoStart">
            <AutoStart/>
        </InstanceProperties>
        <TombstonesConfig name="Tombstones"/>
        <SolutionInterface name="SolutionInterface">
            <PollInterval>-1</PollInterval>
            <InstanceID>Kelly</InstanceID>
            <enabled>true</enabled>
        </SolutionInterface>
    </Folder>
    <Folder name="Functions">
        
        
        <Function name="Remote CLI Unix">
            <InheritFrom>system:/Functions/ibmdi.RemoteCmdLineFC</InheritFrom>
            <ConnectorState>Enabled</ConnectorState>
            <Schema name="Input">
                <InheritFrom>[parent]</InheritFrom>
            </Schema>
            <Schema name="Output">
                <InheritFrom>[parent]</InheritFrom>
            </Schema>
            <Hooks>
                <InheritFrom>[parent]</InheritFrom>
                <Hook name="functioncall_ok">
                    <Name>functioncall_ok</Name>
                    <Script><![CDATA[// This function will be successful even if the command failed.  Look for a non-success
// error code and throw if there was a failure.
var returnCode = work.getString("command.returnCode");
if ("0" != returnCode) {
	var cmdLine = work.getString("command.line");
	var stdOut = work.getString("command.out");
	var stdErr = work.getString("command.error");
	
	throw "Failed executing: " + cmdLine + "\nSTDOUT: " + stdOut + "\nSTDERR: " + stdErr + "\nReturn code: " + returnCode;
}]]></Script>
                    <Enabled>true</Enabled>
                </Hook>
            </Hooks>
            <Configuration>
                <UserComment><![CDATA[Use the command.line work entry to change the command being executed.

Get the results from command.returnCode (int), command.error (string), command.out (string).]]></UserComment>
                <InheritFrom>[parent]</InheritFrom>
                <parameter name="command">pwd</parameter>
                <parameter name="connectionType">ANY</parameter>
                <parameter name="debug">false</parameter>
                <parameter name="enableRXALog">false</parameter>
                <parameter name="hostname">valdez.sailpoint.com</parameter>
                <parameter name="passwd">Fir3bird</parameter>
                <parameter name="user">root</parameter>
                <parameter name="userComment"><![CDATA[Use the command.line work entry to change the command being executed.

Get the results from command.returnCode (int), command.error (string), command.out (string).]]></parameter>
            </Configuration>
            <SandboxConfig/>
            <AttributeMap name="Input">
                <InheritFrom>[parent]</InheritFrom>
                <AttributeMapItem>
                    <Name>command.error</Name>
                    <Type>simple</Type>
                    <Simple>command.error</Simple>
                </AttributeMapItem>
                <AttributeMapItem>
                    <Name>command.out</Name>
                    <Type>simple</Type>
                    <Simple>command.out</Simple>
                </AttributeMapItem>
                <AttributeMapItem>
                    <Name>command.returnCode</Name>
                    <Type>simple</Type>
                    <Simple>command.returnCode</Simple>
                </AttributeMapItem>
            </AttributeMap>
            <AttributeMap name="Output">
                <InheritFrom>[parent]</InheritFrom>
                <AttributeMapItem>
                    <Name>command.line</Name>
                    <Type>simple</Type>
                    <Simple>command.line</Simple>
                </AttributeMapItem>
            </AttributeMap>
            <InitializeOption>1</InitializeOption>
        </Function>
    </Folder>
    <Folder name="AttributeMaps"/>
    <Properties name="Properties">
<Stores>
<PropertyStore name="Solution-Properties">
<Parser/>
<RawConnector>
<InheritFrom>system:/Connectors/ibmdi.Properties</InheritFrom>
<parameter name="collectionType">Solution-Properties</parameter>
</RawConnector>
<Key>key</Key>
<Value>value</Value>
<ReadOnly>false</ReadOnly>
<InitialLoad>true</InitialLoad>
<CacheTimeout>0</CacheTimeout>
</PropertyStore>
<PropertyStore name="Global-Properties">
<Parser/>
<RawConnector>
<InheritFrom>system:/Connectors/ibmdi.Properties</InheritFrom>
<parameter name="collectionType">Global-Properties</parameter>
</RawConnector>
<Key>key</Key>
<Value>value</Value>
<ReadOnly>false</ReadOnly>
<InitialLoad>true</InitialLoad>
<CacheTimeout>0</CacheTimeout>
</PropertyStore>
<PropertyStore name="System-Properties">
<Parser/>
<RawConnector>
<InheritFrom>system:/Connectors/ibmdi.Properties</InheritFrom>
<parameter name="collectionType">System-Properties</parameter>
</RawConnector>
<Key>key</Key>
<Value>value</Value>
<ReadOnly>false</ReadOnly>
<InitialLoad>true</InitialLoad>
<CacheTimeout>0</CacheTimeout>
</PropertyStore>
<PropertyStore name="Java-Properties">
<Parser/>
<RawConnector>
<InheritFrom>system:/Connectors/ibmdi.Properties</InheritFrom>
<parameter name="collection">@SUBSTITUTE{config.$directory}/Kelly.properties</parameter>
<parameter name="collectionType">Java-Properties</parameter>
</RawConnector>
<Key>key</Key>
<Value>value</Value>
<ReadOnly>false</ReadOnly>
<InitialLoad>true</InitialLoad>
<CacheTimeout>0</CacheTimeout>
</PropertyStore>
</Stores>
</Properties>
<Folder name="EventHandlers"/>
</MetamergeConfig>
