<?xml version="1.0" encoding="UTF-8"?>
<MetamergeConfig IDIversion="Created by TDI7.0 - 2010-06-16" created="Wed Sep 01 14:53:15 CDT 2010" createdBy="Administrator" modified="Wed Sep 01 15:01:50 CDT 2010" modifiedBy="Administrator" version="7.0">
    <Folder name="AssemblyLines">
        <AssemblyLine name="HR">
            <Settings>
                <parameter name="ALPoolSettingsDialog">showALPoolSettings</parameter>
                <parameter name="automapattributes">false</parameter>
                <parameter name="createTombstones">false</parameter>
                <parameter name="debug">false</parameter>
                <parameter name="includeGlobalPrologs">true</parameter>
                <parameter name="includePrologs"/>
                <parameter name="nullBehaviorDialog">showNullBehavior</parameter>
            </Settings>
            <Hooks>
                <Hook name="onfailure">
                    <Name>onfailure</Name>
                    <Script>onFailureHook();</Script>
                    <Enabled>true</Enabled>
                    <DebugBreak>false</DebugBreak>
                </Hook>
                <Hook name="onsuccess">
                    <Name>onsuccess</Name>
                    <Script>onSuccessHook();</Script>
                    <Enabled>true</Enabled>
                </Hook>
            </Hooks>
            <CheckpointConfig/>
            <SandboxConfig/>
            <SimulationConfig>
                <SimulationStates>
                    <Component name="IF create or modify" state="Enabled"/>
                    <Component name="Load HR account" state="Enabled"/>
                    <Component name="IF account does not exist" state="Enabled"/>
                    <Component name="set default account attributes" state="Enabled"/>
                    <Component name="Map passwd" state="Enabled"/>
                    <Component name="applyAccountRequest" state="Enabled"/>
                    <Component name="Create or update HR account" state="Simulated"/>
                    <Component name="ELSE IF delete" state="Enabled"/>
                    <Component name="Delete HR account" state="Simulated"/>
                    <Component name="ELSE IF disable" state="Enabled"/>
                    <Component name="Disable HR account" state="Simulated"/>
                    <Component name="ELSE IF enable" state="Enabled"/>
                    <Component name="Enable HR account" state="Simulated"/>
                    <Component name="ELSE IF lock" state="Enabled"/>
                    <Component name="Lock HR account" state="Simulated"/>
                    <Component name="ELSE IF unlock" state="Enabled"/>
                    <Component name="Unlock HR account" state="Simulated"/>
                    <Component name="ELSE unhandled operation" state="Enabled"/>
                    <Component name="unhandled operation" state="Enabled"/>
                </SimulationStates>
                <ProxySettings/>
            </SimulationConfig>
	    <LogConfig/>
            <ContainerEF name="EntryFeedContainer"/>
            <ContainerDF name="DataFlowContainer">
                <Branch name="IF create or modify">
                    <Connector name="Load HR account">
                        <InheritFrom>/Connectors/MySQL</InheritFrom>
                        <ConnectorMode>Lookup</ConnectorMode>
                        <ConnectorState>Enabled</ConnectorState>
                        <Configuration>
                            <UserComment/>
                            <InheritFrom>[parent]</InheritFrom>
                            <parameter name="userComment"/>
                        </Configuration>
                        <Parser>
                            <InheritFrom>[parent]</InheritFrom>
                            <Schema name="Input">
                                <InheritFrom>[parent]</InheritFrom>
                            </Schema>
                            <Schema name="Output">
                                <InheritFrom>[parent]</InheritFrom>
                            </Schema>
                        </Parser>
                        <AttributeMap name="Input">
                            <InheritFrom>[parent]</InheritFrom>
                            <AttributeMapItem>
                                <Name>*</Name>
                                <Type>simple</Type>
                                <Simple>*</Simple>
                            </AttributeMapItem>
                            <AttributeMapItem>
                                <Name>groups</Name>
                                <Type>advanced</Type>
                                <Script><![CDATA[var groupsCSV = conn.getString("groups");
var list = csvToList(groupsCSV);

var newAttr = system.newAttribute("groups");
var vals = new java.util.Vector();
if (null != list) {
    vals.addAll(list);
}
newAttr.setValues(vals);

ret.value = newAttr;]]></Script>
                                <Simple>groups</Simple>
                            </AttributeMapItem>
                        </AttributeMap>
                        <AttributeMap name="Output">
                            <InheritFrom>[parent]</InheritFrom>
                        </AttributeMap>
                        <DeltaSettings>
                            <InheritFrom>[no inheritance]</InheritFrom>
                            <WhenToCommit>After every database operation</WhenToCommit>
                            <Driver>CloudScape</Driver>
                        </DeltaSettings>
                        <Schema name="Input">
                            <InheritFrom>[parent]</InheritFrom>
                            <SchemaItem>
                                <Name>disabled</Name>
                                <Syntax>java.lang.Integer</Syntax>
                                <NativeSyntax>TINYINT</NativeSyntax>
                            </SchemaItem>
                            <SchemaItem>
                                <Name>email</Name>
                                <Syntax>java.lang.String</Syntax>
                                <NativeSyntax>VARCHAR</NativeSyntax>
                            </SchemaItem>
                            <SchemaItem>
                                <Name>firstname</Name>
                                <Syntax>java.lang.String</Syntax>
                                <NativeSyntax>VARCHAR</NativeSyntax>
                            </SchemaItem>
                            <SchemaItem>
                                <Name>fullname</Name>
                                <Syntax>java.lang.String</Syntax>
                                <NativeSyntax>VARCHAR</NativeSyntax>
                            </SchemaItem>
                            <SchemaItem>
                                <Name>groups</Name>
                                <Syntax>java.lang.String</Syntax>
                                <NativeSyntax>VARCHAR</NativeSyntax>
                            </SchemaItem>
                            <SchemaItem>
                                <Name>lastname</Name>
                                <Syntax>java.lang.String</Syntax>
                                <NativeSyntax>VARCHAR</NativeSyntax>
                            </SchemaItem>
                            <SchemaItem>
                                <Name>locked</Name>
                                <Syntax>java.lang.Integer</Syntax>
                            </SchemaItem>
                            <SchemaItem>
                                <Name>username</Name>
                                <Syntax>java.lang.String</Syntax>
                                <NativeSyntax>VARCHAR</NativeSyntax>
                            </SchemaItem>
                        </Schema>
                        <Schema name="Output">
                            <InheritFrom>[parent]</InheritFrom>
                            <SchemaItem>
                                <Name>disabled</Name>
                                <Syntax>java.lang.Integer</Syntax>
                                <NativeSyntax>TINYINT</NativeSyntax>
                            </SchemaItem>
                            <SchemaItem>
                                <Name>email</Name>
                                <Syntax>java.lang.String</Syntax>
                                <NativeSyntax>VARCHAR</NativeSyntax>
                            </SchemaItem>
                            <SchemaItem>
                                <Name>firstname</Name>
                                <Syntax>java.lang.String</Syntax>
                                <NativeSyntax>VARCHAR</NativeSyntax>
                            </SchemaItem>
                            <SchemaItem>
                                <Name>fullname</Name>
                                <Syntax>java.lang.String</Syntax>
                                <NativeSyntax>VARCHAR</NativeSyntax>
                            </SchemaItem>
                            <SchemaItem>
                                <Name>groups</Name>
                                <Syntax>java.lang.String</Syntax>
                                <NativeSyntax>VARCHAR</NativeSyntax>
                            </SchemaItem>
                            <SchemaItem>
                                <Name>lastname</Name>
                                <Syntax>java.lang.String</Syntax>
                                <NativeSyntax>VARCHAR</NativeSyntax>
                            </SchemaItem>
                            <SchemaItem>
                                <Name>locked</Name>
                                <Syntax>java.lang.Integer</Syntax>
                            </SchemaItem>
                            <SchemaItem>
                                <Name>passwd</Name>
                                <NativeSyntax>VARCHAR</NativeSyntax>
                            </SchemaItem>
                            <SchemaItem>
                                <Name>username</Name>
                                <Syntax>java.lang.String</Syntax>
                                <NativeSyntax>VARCHAR</NativeSyntax>
                            </SchemaItem>
                        </Schema>
                        <LinkCriteria>
                            <InheritFrom>[parent]</InheritFrom>
                            <LinkCriteriaItem>
                                <Key>12371390729</Key>
                                <Attribute>username</Attribute>
                                <Operator>equals</Operator>
                                <Value>$nativeIdentity</Value>
                            </LinkCriteriaItem>
                        </LinkCriteria>
                        <Hooks>
                            <InheritFrom>[parent]</InheritFrom>
                            <Hook name="lookup_nomatch">
                                <Name>lookup_nomatch</Name>
                                <Script>onNoMatchHook();</Script>
                                <Enabled>true</Enabled>
                            </Hook>
                        </Hooks>
                        <CheckpointConfig/>
                        <SandboxConfig/>
                        <Reconnect>
                            <InheritFrom>[parent]</InheritFrom>
                            <parameter name="initreconnect">false</parameter>
                            <parameter name="numberOfRetries">1</parameter>
                            <parameter name="retryDelay">10</parameter>
                            <ReconnectRules/>
                        </Reconnect>
                        <Operations/>
                        <PoolDefinition>
                            <InheritFrom>[parent]</InheritFrom>
                        </PoolDefinition>
                        <PoolInstance>
                            <Enabled>false</Enabled>
                            <ExhaustedPoolBehavior>Wait</ExhaustedPoolBehavior>
                        </PoolInstance>
                        <InitializeOption>0</InitializeOption>
                    </Connector>
                    <Branch name="IF account does not exist">
                        <ALMap name="set default account attributes">
                            <AttributeMap name="Input">
                                <AttributeMapItem>
                                    <Name>username</Name>
                                    <Type>simple</Type>
                                    <Simple>nativeIdentity</Simple>
                                </AttributeMapItem>
                            </AttributeMap>
                            <State>Enabled</State>
                        </ALMap>
                        <Conditions>
                            <BranchCondition>
                                <LeftHand>accountNotFound</LeftHand>
                                <Operator>exists</Operator>
                                <CaseSensitive>true</CaseSensitive>
                            </BranchCondition>
                        </Conditions>
                        <MatchAny>false</MatchAny>
                        <Enabled>true</Enabled>
                        <Type>0</Type>
                    </Branch>
                    <ALMap name="Map passwd">
                        <InheritFrom>[no inheritance]</InheritFrom>
                        <AttributeMap name="Input">
                            <InheritFrom>[parent]</InheritFrom>
                            <AttributeMapItem>
                                <Name>passwd</Name>
                                <Type>advanced</Type>
                                <Script>getPasswordFromAccountRequest();</Script>
                            </AttributeMapItem>
                        </AttributeMap>
                        <State>Enabled</State>
                    </ALMap>
                    <Connector name="applyAccountRequest">
                        <ConnectorMode>Script</ConnectorMode>
                        <ConnectorState>Enabled</ConnectorState>
                        <Configuration/>
                        <ConnectorScript>applyAccountRequest(work, work.getAttribute("accountRequest").getValue(0));</ConnectorScript>
                        <Parser>
                            <Schema name="Input">
                                <InheritFrom>[parent]</InheritFrom>
                            </Schema>
                            <Schema name="Output">
                                <InheritFrom>[parent]</InheritFrom>
                            </Schema>
                        </Parser>
                        <AttributeMap name="Input"/>
                        <AttributeMap name="Output"/>
                        <DeltaSettings>
                            <Driver>BTree</Driver>
                        </DeltaSettings>
                        <Schema name="Input">
                            <InheritFrom>[parent]</InheritFrom>
                        </Schema>
                        <Schema name="Output">
                            <InheritFrom>[parent]</InheritFrom>
                        </Schema>
                        <LinkCriteria/>
                        <Hooks/>
                        <CheckpointConfig/>
                        <SandboxConfig/>
                        <Reconnect>
                            <InheritFrom>[parent]</InheritFrom>
                            <ReconnectRules/>
                        </Reconnect>
                        <Operations/>
                        <PoolDefinition>
                            <InheritFrom>[parent]</InheritFrom>
                        </PoolDefinition>
                        <PoolInstance/>
                        <InitializeOption>0</InitializeOption>
                    </Connector>
                    <Connector name="Create or update HR account">
                        <InheritFrom>/Connectors/MySQL</InheritFrom>
                        <ConnectorMode>Update</ConnectorMode>
                        <ConnectorState>Enabled</ConnectorState>
                        <Configuration>
                            <InheritFrom>[parent]</InheritFrom>
                        </Configuration>
                        <Parser>
                            <InheritFrom>[parent]</InheritFrom>
                            <Schema name="Input">
                                <InheritFrom>[parent]</InheritFrom>
                            </Schema>
                            <Schema name="Output">
                                <InheritFrom>[parent]</InheritFrom>
                            </Schema>
                        </Parser>
                        <AttributeMap name="Input">
                            <InheritFrom>[parent]</InheritFrom>
                        </AttributeMap>
                        <AttributeMap name="Output">
                            <InheritFrom>[parent]</InheritFrom>
                            <AttributeMapItem>
                                <Name>disabled</Name>
                                <Type>simple</Type>
                                <Simple>disabled</Simple>
                            </AttributeMapItem>
                            <AttributeMapItem>
                                <Name>email</Name>
                                <Type>simple</Type>
                                <Simple>email</Simple>
                            </AttributeMapItem>
                            <AttributeMapItem>
                                <Name>firstname</Name>
                                <Type>simple</Type>
                                <Simple>firstname</Simple>
                            </AttributeMapItem>
                            <AttributeMapItem>
                                <Name>fullname</Name>
                                <Type>simple</Type>
                                <Simple>fullname</Simple>
                            </AttributeMapItem>
                            <AttributeMapItem>
                                <Name>groups</Name>
                                <Type>advanced</Type>
                                <Script><![CDATA[var groupsAttr = work.getAttribute("groups");

var groupsArray = (null != groupsAttr) ? groupsAttr.getValues() : new Array();
var groupsList = java.util.Arrays.asList(groupsArray);

var newAttr = system.newAttribute("groups");
newAttr.setValue(listToCsv(groupsList));

ret.value = newAttr;]]></Script>
                            </AttributeMapItem>
                            <AttributeMapItem>
                                <Name>lastname</Name>
                                <Type>simple</Type>
                                <Simple>lastname</Simple>
                            </AttributeMapItem>
                            <AttributeMapItem>
                                <Name>locked</Name>
                                <Type>simple</Type>
                                <Simple>locked</Simple>
                            </AttributeMapItem>
                            <AttributeMapItem>
                                <Name>passwd</Name>
                                <Type>simple</Type>
                                <Simple>passwd</Simple>
                            </AttributeMapItem>
                            <AttributeMapItem>
                                <Name>username</Name>
                                <Type>simple</Type>
                                <Simple>username</Simple>
                            </AttributeMapItem>
                        </AttributeMap>
                        <DeltaSettings>
                            <InheritFrom>[no inheritance]</InheritFrom>
                            <WhenToCommit>After every database operation</WhenToCommit>
                            <Driver>CloudScape</Driver>
                        </DeltaSettings>
                        <Schema name="Input">
                            <InheritFrom>[parent]</InheritFrom>
                        </Schema>
                        <Schema name="Output">
                            <InheritFrom>[parent]</InheritFrom>
                            <SchemaItem>
                                <Name>disabled</Name>
                                <Syntax>java.lang.Integer</Syntax>
                                <NativeSyntax>TINYINT</NativeSyntax>
                            </SchemaItem>
                            <SchemaItem>
                                <Name>email</Name>
                                <Syntax>java.lang.String</Syntax>
                                <NativeSyntax>VARCHAR</NativeSyntax>
                            </SchemaItem>
                            <SchemaItem>
                                <Name>firstname</Name>
                                <Syntax>java.lang.String</Syntax>
                                <NativeSyntax>VARCHAR</NativeSyntax>
                            </SchemaItem>
                            <SchemaItem>
                                <Name>fullname</Name>
                                <Syntax>java.lang.String</Syntax>
                                <NativeSyntax>VARCHAR</NativeSyntax>
                            </SchemaItem>
                            <SchemaItem>
                                <Name>groups</Name>
                                <Syntax>java.lang.String</Syntax>
                                <NativeSyntax>VARCHAR</NativeSyntax>
                            </SchemaItem>
                            <SchemaItem>
                                <Name>lastname</Name>
                                <Syntax>java.lang.String</Syntax>
                                <NativeSyntax>VARCHAR</NativeSyntax>
                            </SchemaItem>
                            <SchemaItem>
                                <Name>locked</Name>
                                <Syntax>java.lang.Integer</Syntax>
                                <NativeSyntax>TINYINT</NativeSyntax>
                            </SchemaItem>
                            <SchemaItem>
                                <Name>passwd</Name>
                                <NativeSyntax>VARCHAR</NativeSyntax>
                            </SchemaItem>
                            <SchemaItem>
                                <Name>username</Name>
                                <Syntax>java.lang.String</Syntax>
                                <NativeSyntax>VARCHAR</NativeSyntax>
                            </SchemaItem>
                        </Schema>
                        <LinkCriteria>
                            <InheritFrom>[parent]</InheritFrom>
                            <LinkCriteriaItem>
                                <Key>12371601ee9</Key>
                                <Attribute>username</Attribute>
                                <Operator>equals</Operator>
                                <Value>$nativeIdentity</Value>
                            </LinkCriteriaItem>
                        </LinkCriteria>
                        <Hooks>
                            <InheritFrom>[parent]</InheritFrom>
                        </Hooks>
                        <CheckpointConfig/>
                        <SandboxConfig/>
                        <Reconnect>
                            <InheritFrom>[parent]</InheritFrom>
                            <parameter name="initreconnect">false</parameter>
                            <parameter name="numberOfRetries">1</parameter>
                            <parameter name="retryDelay">10</parameter>
                            <ReconnectRules/>
                        </Reconnect>
                        <Operations/>
                        <PoolDefinition>
                            <InheritFrom>[parent]</InheritFrom>
                        </PoolDefinition>
                        <PoolInstance>
                            <Enabled>false</Enabled>
                            <ExhaustedPoolBehavior>Wait</ExhaustedPoolBehavior>
                        </PoolInstance>
                        <InitializeOption>0</InitializeOption>
                    </Connector>
                    <ScriptCondition/>
                    <Conditions>
                        <BranchCondition>
                            <LeftHand>operation</LeftHand>
                            <Operator>equals</Operator>
                            <RightHand>Create</RightHand>
                            <CaseSensitive>true</CaseSensitive>
                        </BranchCondition>
                        <BranchCondition>
                            <LeftHand>operation</LeftHand>
                            <Operator>equals</Operator>
                            <RightHand>Modify</RightHand>
                            <CaseSensitive>true</CaseSensitive>
                        </BranchCondition>
                    </Conditions>
                    <MatchAny>true</MatchAny>
                    <Enabled>true</Enabled>
                    <Type>0</Type>
                </Branch>
                <Branch name="ELSE IF delete">
                    <Connector name="Delete HR account">
                        <InheritFrom>/Connectors/MySQL</InheritFrom>
                        <ConnectorMode>Delete</ConnectorMode>
                        <ConnectorState>Enabled</ConnectorState>
                        <Configuration>
                            <InheritFrom>[parent]</InheritFrom>
                        </Configuration>
                        <Parser>
                            <InheritFrom>[parent]</InheritFrom>
                            <Schema name="Input">
                                <InheritFrom>[parent]</InheritFrom>
                            </Schema>
                            <Schema name="Output">
                                <InheritFrom>[parent]</InheritFrom>
                            </Schema>
                        </Parser>
                        <AttributeMap name="Input">
                            <InheritFrom>[parent]</InheritFrom>
                        </AttributeMap>
                        <AttributeMap name="Output">
                            <InheritFrom>[parent]</InheritFrom>
                        </AttributeMap>
                        <DeltaSettings>
                            <InheritFrom>[no inheritance]</InheritFrom>
                            <WhenToCommit>After every database operation</WhenToCommit>
                            <Driver>CloudScape</Driver>
                        </DeltaSettings>
                        <Schema name="Input">
                            <InheritFrom>[parent]</InheritFrom>
                            <SchemaItem>
                                <Name>disabled</Name>
                                <NativeSyntax>TINYINT</NativeSyntax>
                            </SchemaItem>
                            <SchemaItem>
                                <Name>email</Name>
                                <NativeSyntax>VARCHAR</NativeSyntax>
                            </SchemaItem>
                            <SchemaItem>
                                <Name>firstname</Name>
                                <NativeSyntax>VARCHAR</NativeSyntax>
                            </SchemaItem>
                            <SchemaItem>
                                <Name>fullname</Name>
                                <NativeSyntax>VARCHAR</NativeSyntax>
                            </SchemaItem>
                            <SchemaItem>
                                <Name>groups</Name>
                                <NativeSyntax>VARCHAR</NativeSyntax>
                            </SchemaItem>
                            <SchemaItem>
                                <Name>lastname</Name>
                                <NativeSyntax>VARCHAR</NativeSyntax>
                            </SchemaItem>
                            <SchemaItem>
                                <Name>username</Name>
                                <NativeSyntax>VARCHAR</NativeSyntax>
                            </SchemaItem>
                        </Schema>
                        <Schema name="Output">
                            <InheritFrom>[parent]</InheritFrom>
                            <SchemaItem>
                                <Name>disabled</Name>
                                <Syntax>java.lang.Integer</Syntax>
                                <NativeSyntax>TINYINT</NativeSyntax>
                            </SchemaItem>
                            <SchemaItem>
                                <Name>email</Name>
                                <Syntax>java.lang.String</Syntax>
                                <NativeSyntax>VARCHAR</NativeSyntax>
                            </SchemaItem>
                            <SchemaItem>
                                <Name>firstname</Name>
                                <Syntax>java.lang.String</Syntax>
                                <NativeSyntax>VARCHAR</NativeSyntax>
                            </SchemaItem>
                            <SchemaItem>
                                <Name>fullname</Name>
                                <Syntax>java.lang.String</Syntax>
                                <NativeSyntax>VARCHAR</NativeSyntax>
                            </SchemaItem>
                            <SchemaItem>
                                <Name>groups</Name>
                                <Syntax>java.lang.String</Syntax>
                                <NativeSyntax>VARCHAR</NativeSyntax>
                            </SchemaItem>
                            <SchemaItem>
                                <Name>lastname</Name>
                                <Syntax>java.lang.String</Syntax>
                                <NativeSyntax>VARCHAR</NativeSyntax>
                            </SchemaItem>
                            <SchemaItem>
                                <Name>locked</Name>
                                <Syntax>java.lang.Integer</Syntax>
                            </SchemaItem>
                            <SchemaItem>
                                <Name>passwd</Name>
                                <NativeSyntax>VARCHAR</NativeSyntax>
                            </SchemaItem>
                            <SchemaItem>
                                <Name>username</Name>
                                <Syntax>java.lang.String</Syntax>
                                <NativeSyntax>VARCHAR</NativeSyntax>
                            </SchemaItem>
                        </Schema>
                        <LinkCriteria>
                            <InheritFrom>[parent]</InheritFrom>
                            <LinkCriteriaItem>
                                <Key>12371d096c8</Key>
                                <Attribute>username</Attribute>
                                <Operator>equals</Operator>
                                <Value>$nativeIdentity</Value>
                            </LinkCriteriaItem>
                        </LinkCriteria>
                        <Hooks>
                            <InheritFrom>[parent]</InheritFrom>
                        </Hooks>
                        <CheckpointConfig/>
                        <SandboxConfig/>
                        <Reconnect>
                            <InheritFrom>[parent]</InheritFrom>
                            <parameter name="initreconnect">false</parameter>
                            <parameter name="numberOfRetries">1</parameter>
                            <parameter name="retryDelay">10</parameter>
                            <ReconnectRules/>
                        </Reconnect>
                        <Operations/>
                        <PoolDefinition>
                            <InheritFrom>[parent]</InheritFrom>
                        </PoolDefinition>
                        <PoolInstance>
                            <Enabled>false</Enabled>
                            <ExhaustedPoolBehavior>Wait</ExhaustedPoolBehavior>
                        </PoolInstance>
                        <InitializeOption>0</InitializeOption>
                    </Connector>
                    <Conditions>
                        <BranchCondition>
                            <LeftHand>operation</LeftHand>
                            <Operator>equals</Operator>
                            <RightHand>Delete</RightHand>
                            <CaseSensitive>true</CaseSensitive>
                        </BranchCondition>
                    </Conditions>
                    <MatchAny>false</MatchAny>
                    <Enabled>true</Enabled>
                    <Type>1</Type>
                </Branch>
                <Branch name="ELSE IF disable">
                    <Connector name="Disable HR account">
                        <InheritFrom>/Connectors/MySQL</InheritFrom>
                        <ConnectorMode>Update</ConnectorMode>
                        <ConnectorState>Enabled</ConnectorState>
                        <Configuration>
                            <InheritFrom>[parent]</InheritFrom>
                        </Configuration>
                        <Parser>
                            <InheritFrom>[parent]</InheritFrom>
                            <Schema name="Input">
                                <InheritFrom>[parent]</InheritFrom>
                            </Schema>
                            <Schema name="Output">
                                <InheritFrom>[parent]</InheritFrom>
                            </Schema>
                        </Parser>
                        <AttributeMap name="Input">
                            <InheritFrom>[parent]</InheritFrom>
                        </AttributeMap>
                        <AttributeMap name="Output">
                            <InheritFrom>[parent]</InheritFrom>
                            <AttributeMapItem>
                                <Name>disabled</Name>
                                <Type>advanced</Type>
                                <Script>ret.value = 1;</Script>
                                <Simple>disabled</Simple>
                            </AttributeMapItem>
                        </AttributeMap>
                        <DeltaSettings>
                            <InheritFrom>[no inheritance]</InheritFrom>
                            <WhenToCommit>After every database operation</WhenToCommit>
                            <Driver>CloudScape</Driver>
                        </DeltaSettings>
                        <Schema name="Input">
                            <InheritFrom>[parent]</InheritFrom>
                        </Schema>
                        <Schema name="Output">
                            <InheritFrom>[parent]</InheritFrom>
                            <SchemaItem>
                                <Name>disabled</Name>
                                <NativeSyntax>TINYINT</NativeSyntax>
                            </SchemaItem>
                            <SchemaItem>
                                <Name>email</Name>
                                <NativeSyntax>VARCHAR</NativeSyntax>
                            </SchemaItem>
                            <SchemaItem>
                                <Name>firstname</Name>
                                <NativeSyntax>VARCHAR</NativeSyntax>
                            </SchemaItem>
                            <SchemaItem>
                                <Name>fullname</Name>
                                <Syntax>java.lang.String</Syntax>
                                <NativeSyntax>VARCHAR</NativeSyntax>
                            </SchemaItem>
                            <SchemaItem>
                                <Name>groups</Name>
                                <NativeSyntax>VARCHAR</NativeSyntax>
                            </SchemaItem>
                            <SchemaItem>
                                <Name>lastname</Name>
                                <NativeSyntax>VARCHAR</NativeSyntax>
                            </SchemaItem>
                            <SchemaItem>
                                <Name>locked</Name>
                                <Syntax>java.lang.Integer</Syntax>
                            </SchemaItem>
                            <SchemaItem>
                                <Name>passwd</Name>
                                <NativeSyntax>VARCHAR</NativeSyntax>
                            </SchemaItem>
                            <SchemaItem>
                                <Name>username</Name>
                                <NativeSyntax>VARCHAR</NativeSyntax>
                            </SchemaItem>
                        </Schema>
                        <LinkCriteria>
                            <InheritFrom>[parent]</InheritFrom>
                            <LinkCriteriaItem>
                                <Key>12371ef4b8f</Key>
                                <Attribute>username</Attribute>
                                <Operator>equals</Operator>
                                <Value>$nativeIdentity</Value>
                            </LinkCriteriaItem>
                        </LinkCriteria>
                        <Hooks>
                            <InheritFrom>[parent]</InheritFrom>
                        </Hooks>
                        <CheckpointConfig/>
                        <SandboxConfig/>
                        <Reconnect>
                            <InheritFrom>[parent]</InheritFrom>
                            <parameter name="initreconnect">false</parameter>
                            <parameter name="numberOfRetries">1</parameter>
                            <parameter name="retryDelay">10</parameter>
                            <ReconnectRules/>
                        </Reconnect>
                        <Operations/>
                        <PoolDefinition>
                            <InheritFrom>[parent]</InheritFrom>
                        </PoolDefinition>
                        <PoolInstance>
                            <Enabled>false</Enabled>
                            <ExhaustedPoolBehavior>Wait</ExhaustedPoolBehavior>
                        </PoolInstance>
                        <InitializeOption>0</InitializeOption>
                    </Connector>
                    <Conditions>
                        <BranchCondition>
                            <LeftHand>operation</LeftHand>
                            <Operator>equals</Operator>
                            <RightHand>Disable</RightHand>
                            <CaseSensitive>true</CaseSensitive>
                        </BranchCondition>
                    </Conditions>
                    <MatchAny>true</MatchAny>
                    <Enabled>true</Enabled>
                    <Type>1</Type>
                </Branch>
                <Branch name="ELSE IF enable">
                    <Connector name="Enable HR account">
                        <InheritFrom>/Connectors/MySQL</InheritFrom>
                        <ConnectorMode>Update</ConnectorMode>
                        <ConnectorState>Enabled</ConnectorState>
                        <Configuration>
                            <InheritFrom>[parent]</InheritFrom>
                        </Configuration>
                        <Parser>
                            <InheritFrom>[parent]</InheritFrom>
                            <Schema name="Input">
                                <InheritFrom>[parent]</InheritFrom>
                            </Schema>
                            <Schema name="Output">
                                <InheritFrom>[parent]</InheritFrom>
                            </Schema>
                        </Parser>
                        <AttributeMap name="Input">
                            <InheritFrom>[parent]</InheritFrom>
                        </AttributeMap>
                        <AttributeMap name="Output">
                            <InheritFrom>[parent]</InheritFrom>
                            <AttributeMapItem>
                                <Name>disabled</Name>
                                <Type>advanced</Type>
                                <Script>ret.value = 0;</Script>
                                <Simple>disabled</Simple>
                                <SubstitutionTemplate>{work.disabled}</SubstitutionTemplate>
                            </AttributeMapItem>
                        </AttributeMap>
                        <DeltaSettings>
                            <InheritFrom>[no inheritance]</InheritFrom>
                            <WhenToCommit>After every database operation</WhenToCommit>
                            <Driver>CloudScape</Driver>
                        </DeltaSettings>
                        <Schema name="Input">
                            <InheritFrom>[parent]</InheritFrom>
                        </Schema>
                        <Schema name="Output">
                            <InheritFrom>[parent]</InheritFrom>
                            <SchemaItem>
                                <Name>disabled</Name>
                                <Syntax>java.lang.Integer</Syntax>
                                <NativeSyntax>TINYINT</NativeSyntax>
                            </SchemaItem>
                            <SchemaItem>
                                <Name>email</Name>
                                <Syntax>java.lang.String</Syntax>
                                <NativeSyntax>VARCHAR</NativeSyntax>
                            </SchemaItem>
                            <SchemaItem>
                                <Name>firstname</Name>
                                <Syntax>java.lang.String</Syntax>
                                <NativeSyntax>VARCHAR</NativeSyntax>
                            </SchemaItem>
                            <SchemaItem>
                                <Name>fullname</Name>
                                <Syntax>java.lang.String</Syntax>
                                <NativeSyntax>VARCHAR</NativeSyntax>
                            </SchemaItem>
                            <SchemaItem>
                                <Name>groups</Name>
                                <Syntax>java.lang.String</Syntax>
                                <NativeSyntax>VARCHAR</NativeSyntax>
                            </SchemaItem>
                            <SchemaItem>
                                <Name>lastname</Name>
                                <Syntax>java.lang.String</Syntax>
                                <NativeSyntax>VARCHAR</NativeSyntax>
                            </SchemaItem>
                            <SchemaItem>
                                <Name>locked</Name>
                                <Syntax>java.lang.Integer</Syntax>
                            </SchemaItem>
                            <SchemaItem>
                                <Name>passwd</Name>
                                <NativeSyntax>VARCHAR</NativeSyntax>
                            </SchemaItem>
                            <SchemaItem>
                                <Name>username</Name>
                                <Syntax>java.lang.String</Syntax>
                                <NativeSyntax>VARCHAR</NativeSyntax>
                            </SchemaItem>
                        </Schema>
                        <LinkCriteria>
                            <InheritFrom>[parent]</InheritFrom>
                            <LinkCriteriaItem>
                                <Key>124fdbddbf8</Key>
                                <Attribute>username</Attribute>
                                <Operator>equals</Operator>
                                <Value>$nativeIdentity</Value>
                            </LinkCriteriaItem>
                        </LinkCriteria>
                        <Hooks>
                            <InheritFrom>[parent]</InheritFrom>
                        </Hooks>
                        <CheckpointConfig/>
                        <SandboxConfig/>
                        <Reconnect>
                            <InheritFrom>[parent]</InheritFrom>
                            <parameter name="initreconnect">false</parameter>
                            <parameter name="numberOfRetries">1</parameter>
                            <parameter name="retryDelay">10</parameter>
                            <ReconnectRules/>
                        </Reconnect>
                        <Operations/>
                        <PoolDefinition>
                            <InheritFrom>[parent]</InheritFrom>
                        </PoolDefinition>
                        <PoolInstance>
                            <Enabled>false</Enabled>
                            <ExhaustedPoolBehavior>Wait</ExhaustedPoolBehavior>
                        </PoolInstance>
                        <InitializeOption>0</InitializeOption>
                    </Connector>
                    <Conditions>
                        <BranchCondition>
                            <LeftHand>operation</LeftHand>
                            <Operator>equals</Operator>
                            <RightHand>Enable</RightHand>
                            <CaseSensitive>true</CaseSensitive>
                        </BranchCondition>
                    </Conditions>
                    <MatchAny>false</MatchAny>
                    <Enabled>true</Enabled>
                    <Type>1</Type>
                </Branch>
                <Branch name="ELSE IF lock">
                    <Connector name="Lock HR account">
                        <InheritFrom>/Connectors/MySQL</InheritFrom>
                        <ConnectorMode>Update</ConnectorMode>
                        <ConnectorState>Enabled</ConnectorState>
                        <Configuration>
                            <InheritFrom>[parent]</InheritFrom>
                        </Configuration>
                        <Parser>
                            <InheritFrom>[parent]</InheritFrom>
                            <Schema name="Input">
                                <InheritFrom>[parent]</InheritFrom>
                            </Schema>
                            <Schema name="Output">
                                <InheritFrom>[parent]</InheritFrom>
                            </Schema>
                        </Parser>
                        <AttributeMap name="Input">
                            <InheritFrom>[parent]</InheritFrom>
                        </AttributeMap>
                        <AttributeMap name="Output">
                            <InheritFrom>[parent]</InheritFrom>
                            <AttributeMapItem>
                                <Name>locked</Name>
                                <Type>advanced</Type>
                                <Script>ret.value = 1;</Script>
                                <Simple>locked</Simple>
                            </AttributeMapItem>
                        </AttributeMap>
                        <DeltaSettings>
                            <InheritFrom>[no inheritance]</InheritFrom>
                            <WhenToCommit>After every database operation</WhenToCommit>
                            <Driver>CloudScape</Driver>
                        </DeltaSettings>
                        <Schema name="Input">
                            <InheritFrom>[parent]</InheritFrom>
                        </Schema>
                        <Schema name="Output">
                            <InheritFrom>[parent]</InheritFrom>
                            <SchemaItem>
                                <Name>disabled</Name>
                                <Syntax>java.lang.Integer</Syntax>
                                <NativeSyntax>TINYINT</NativeSyntax>
                            </SchemaItem>
                            <SchemaItem>
                                <Name>email</Name>
                                <Syntax>java.lang.String</Syntax>
                                <NativeSyntax>VARCHAR</NativeSyntax>
                            </SchemaItem>
                            <SchemaItem>
                                <Name>firstname</Name>
                                <Syntax>java.lang.String</Syntax>
                                <NativeSyntax>VARCHAR</NativeSyntax>
                            </SchemaItem>
                            <SchemaItem>
                                <Name>fullname</Name>
                                <Syntax>java.lang.String</Syntax>
                                <NativeSyntax>VARCHAR</NativeSyntax>
                            </SchemaItem>
                            <SchemaItem>
                                <Name>groups</Name>
                                <Syntax>java.lang.String</Syntax>
                                <NativeSyntax>VARCHAR</NativeSyntax>
                            </SchemaItem>
                            <SchemaItem>
                                <Name>lastname</Name>
                                <Syntax>java.lang.String</Syntax>
                                <NativeSyntax>VARCHAR</NativeSyntax>
                            </SchemaItem>
                            <SchemaItem>
                                <Name>locked</Name>
                                <Syntax>java.lang.Integer</Syntax>
                            </SchemaItem>
                            <SchemaItem>
                                <Name>passwd</Name>
                                <NativeSyntax>VARCHAR</NativeSyntax>
                            </SchemaItem>
                            <SchemaItem>
                                <Name>username</Name>
                                <Syntax>java.lang.String</Syntax>
                                <NativeSyntax>VARCHAR</NativeSyntax>
                            </SchemaItem>
                        </Schema>
                        <LinkCriteria>
                            <InheritFrom>[parent]</InheritFrom>
                            <LinkCriteriaItem>
                                <Key>127fe0499fa</Key>
                                <Attribute>username</Attribute>
                                <Operator>equals</Operator>
                                <Value>$nativeIdentity</Value>
                            </LinkCriteriaItem>
                        </LinkCriteria>
                        <Hooks>
                            <InheritFrom>[parent]</InheritFrom>
                        </Hooks>
                        <CheckpointConfig/>
                        <SandboxConfig/>
                        <Reconnect>
                            <InheritFrom>[parent]</InheritFrom>
                            <parameter name="initreconnect">false</parameter>
                            <parameter name="numberOfRetries">1</parameter>
                            <parameter name="retryDelay">10</parameter>
                            <ReconnectRules/>
                        </Reconnect>
                        <Operations/>
                        <PoolDefinition>
                            <InheritFrom>[parent]</InheritFrom>
                        </PoolDefinition>
                        <PoolInstance>
                            <Enabled>false</Enabled>
                            <ExhaustedPoolBehavior>Wait</ExhaustedPoolBehavior>
                        </PoolInstance>
                        <InitializeOption>0</InitializeOption>
                    </Connector>
                    <Conditions>
                        <BranchCondition>
                            <LeftHand>operation</LeftHand>
                            <Operator>equals</Operator>
                            <RightHand>Lock</RightHand>
                            <CaseSensitive>true</CaseSensitive>
                        </BranchCondition>
                    </Conditions>
                    <MatchAny>false</MatchAny>
                    <Enabled>true</Enabled>
                    <Type>1</Type>
                </Branch>
                <Branch name="ELSE IF unlock">
                    <Connector name="Unlock HR account">
                        <InheritFrom>/Connectors/MySQL</InheritFrom>
                        <ConnectorMode>Update</ConnectorMode>
                        <ConnectorState>Enabled</ConnectorState>
                        <Configuration>
                            <InheritFrom>[parent]</InheritFrom>
                        </Configuration>
                        <Parser>
                            <InheritFrom>[parent]</InheritFrom>
                            <Schema name="Input">
                                <InheritFrom>[parent]</InheritFrom>
                            </Schema>
                            <Schema name="Output">
                                <InheritFrom>[parent]</InheritFrom>
                            </Schema>
                        </Parser>
                        <AttributeMap name="Input">
                            <InheritFrom>[parent]</InheritFrom>
                        </AttributeMap>
                        <AttributeMap name="Output">
                            <InheritFrom>[parent]</InheritFrom>
                            <AttributeMapItem>
                                <Name>locked</Name>
                                <Type>advanced</Type>
                                <Script>ret.value = 0;</Script>
                                <Simple>locked</Simple>
                            </AttributeMapItem>
                        </AttributeMap>
                        <DeltaSettings>
                            <InheritFrom>[no inheritance]</InheritFrom>
                            <WhenToCommit>After every database operation</WhenToCommit>
                            <Driver>CloudScape</Driver>
                        </DeltaSettings>
                        <Schema name="Input">
                            <InheritFrom>[parent]</InheritFrom>
                        </Schema>
                        <Schema name="Output">
                            <InheritFrom>[parent]</InheritFrom>
                            <SchemaItem>
                                <Name>disabled</Name>
                                <Syntax>java.lang.Integer</Syntax>
                                <NativeSyntax>TINYINT</NativeSyntax>
                            </SchemaItem>
                            <SchemaItem>
                                <Name>email</Name>
                                <Syntax>java.lang.String</Syntax>
                                <NativeSyntax>VARCHAR</NativeSyntax>
                            </SchemaItem>
                            <SchemaItem>
                                <Name>firstname</Name>
                                <Syntax>java.lang.String</Syntax>
                                <NativeSyntax>VARCHAR</NativeSyntax>
                            </SchemaItem>
                            <SchemaItem>
                                <Name>fullname</Name>
                                <Syntax>java.lang.String</Syntax>
                                <NativeSyntax>VARCHAR</NativeSyntax>
                            </SchemaItem>
                            <SchemaItem>
                                <Name>groups</Name>
                                <Syntax>java.lang.String</Syntax>
                                <NativeSyntax>VARCHAR</NativeSyntax>
                            </SchemaItem>
                            <SchemaItem>
                                <Name>lastname</Name>
                                <Syntax>java.lang.String</Syntax>
                                <NativeSyntax>VARCHAR</NativeSyntax>
                            </SchemaItem>
                            <SchemaItem>
                                <Name>locked</Name>
                                <Syntax>java.lang.Integer</Syntax>
                            </SchemaItem>
                            <SchemaItem>
                                <Name>passwd</Name>
                                <NativeSyntax>VARCHAR</NativeSyntax>
                            </SchemaItem>
                            <SchemaItem>
                                <Name>username</Name>
                                <Syntax>java.lang.String</Syntax>
                                <NativeSyntax>VARCHAR</NativeSyntax>
                            </SchemaItem>
                        </Schema>
                        <LinkCriteria>
                            <InheritFrom>[parent]</InheritFrom>
                            <LinkCriteriaItem>
                                <Key>127fe05b647</Key>
                                <Attribute>username</Attribute>
                                <Operator>equals</Operator>
                                <Value>$nativeIdentity</Value>
                            </LinkCriteriaItem>
                        </LinkCriteria>
                        <Hooks>
                            <InheritFrom>[parent]</InheritFrom>
                        </Hooks>
                        <CheckpointConfig/>
                        <SandboxConfig/>
                        <Reconnect>
                            <InheritFrom>[parent]</InheritFrom>
                            <parameter name="initreconnect">false</parameter>
                            <parameter name="numberOfRetries">1</parameter>
                            <parameter name="retryDelay">10</parameter>
                            <ReconnectRules/>
                        </Reconnect>
                        <Operations/>
                        <PoolDefinition>
                            <InheritFrom>[parent]</InheritFrom>
                        </PoolDefinition>
                        <PoolInstance>
                            <Enabled>false</Enabled>
                            <ExhaustedPoolBehavior>Wait</ExhaustedPoolBehavior>
                        </PoolInstance>
                        <InitializeOption>0</InitializeOption>
                    </Connector>
                    <Conditions>
                        <BranchCondition>
                            <LeftHand>operation</LeftHand>
                            <Operator>equals</Operator>
                            <RightHand>Unlock</RightHand>
                            <CaseSensitive>true</CaseSensitive>
                        </BranchCondition>
                    </Conditions>
                    <MatchAny>false</MatchAny>
                    <Enabled>true</Enabled>
                    <Type>1</Type>
                </Branch>
                <Branch name="ELSE unhandled operation">
                    <Connector name="unhandled operation">
                        <ConnectorMode>Script</ConnectorMode>
                        <ConnectorState>Enabled</ConnectorState>
                        <Configuration/>
                        <ConnectorScript><![CDATA[// Received an unhandled operation, so fail.
var msg = "Account request operation '" + work.getString("operation") + "' is not handled.";
work.setAttribute("provisioningSuccessful", new Boolean(false));
work.addAttributeValue("provisioningErrors", msg);
]]></ConnectorScript>
                        <Parser>
                            <Schema name="Input">
                                <InheritFrom>[parent]</InheritFrom>
                            </Schema>
                            <Schema name="Output">
                                <InheritFrom>[parent]</InheritFrom>
                            </Schema>
                        </Parser>
                        <AttributeMap name="Input"/>
                        <AttributeMap name="Output"/>
                        <DeltaSettings>
                            <Driver>BTree</Driver>
                        </DeltaSettings>
                        <Schema name="Input">
                            <InheritFrom>[parent]</InheritFrom>
                        </Schema>
                        <Schema name="Output">
                            <InheritFrom>[parent]</InheritFrom>
                        </Schema>
                        <LinkCriteria/>
                        <Hooks/>
                        <CheckpointConfig/>
                        <SandboxConfig/>
                        <Reconnect>
                            <InheritFrom>[parent]</InheritFrom>
                            <ReconnectRules/>
                        </Reconnect>
                        <Operations/>
                        <PoolDefinition>
                            <InheritFrom>[parent]</InheritFrom>
                        </PoolDefinition>
                        <PoolInstance/>
                        <InitializeOption>0</InitializeOption>
                    </Connector>
                    <Conditions/>
                    <MatchAny>false</MatchAny>
                    <Enabled>true</Enabled>
                    <Type>2</Type>
                </Branch>
            </ContainerDF>
            <ThreadOptions/>
            <Operations/>
            <InitParams>
                <Schema name="AssemblyLineInitParams"/>
            </InitParams>
        </AssemblyLine>
    </Folder>
    <Folder name="Connectors">
        <Connector name="MySQL">
            <InheritFrom>system:/Connectors/ibmdi.JDBC</InheritFrom>
            <ConnectorMode>Update</ConnectorMode>
            <ConnectorState>Enabled</ConnectorState>
            <Configuration>
                <UserComment/>
                <InheritFrom>[parent]</InheritFrom>
                <parameter name="debug">false</parameter>
                <parameter name="jdbcDriver">com.mysql.jdbc.Driver</parameter>
                <parameter name="jdbcLogin">root</parameter>
                <parameter name="jdbcPassword">asdf</parameter>
                <parameter name="jdbcPreparedStatement">true</parameter>
                <parameter name="jdbcSource">jdbc:mysql://localhost/hr</parameter>
                <parameter name="jdbcTable">users</parameter>
                <parameter name="userComment"/>
            </Configuration>
            <Parser>
                <InheritFrom>[parent]</InheritFrom>
                <Schema name="Input">
                    <InheritFrom>[parent]</InheritFrom>
                </Schema>
                <Schema name="Output">
                    <InheritFrom>[parent]</InheritFrom>
                </Schema>
            </Parser>
            <AttributeMap name="Input">
                <InheritFrom>[parent]</InheritFrom>
            </AttributeMap>
            <AttributeMap name="Output">
                <InheritFrom>[parent]</InheritFrom>
            </AttributeMap>
            <DeltaSettings>
                <WhenToCommit>After every database operation</WhenToCommit>
                <Driver>CloudScape</Driver>
            </DeltaSettings>
            <Schema name="Input">
                <InheritFrom>[parent]</InheritFrom>
            </Schema>
            <Schema name="Output">
                <InheritFrom>[parent]</InheritFrom>
                <SchemaItem>
                    <Name>disabled</Name>
                    <Syntax>java.lang.Integer</Syntax>
                    <NativeSyntax>TINYINT</NativeSyntax>
                </SchemaItem>
                <SchemaItem>
                    <Name>email</Name>
                    <Syntax>java.lang.String</Syntax>
                    <NativeSyntax>VARCHAR</NativeSyntax>
                </SchemaItem>
                <SchemaItem>
                    <Name>firstname</Name>
                    <Syntax>java.lang.String</Syntax>
                    <NativeSyntax>VARCHAR</NativeSyntax>
                </SchemaItem>
                <SchemaItem>
                    <Name>fullname</Name>
                    <Syntax>java.lang.String</Syntax>
                    <NativeSyntax>VARCHAR</NativeSyntax>
                </SchemaItem>
                <SchemaItem>
                    <Name>groups</Name>
                    <Syntax>java.lang.String</Syntax>
                    <NativeSyntax>VARCHAR</NativeSyntax>
                </SchemaItem>
                <SchemaItem>
                    <Name>lastname</Name>
                    <Syntax>java.lang.String</Syntax>
                    <NativeSyntax>VARCHAR</NativeSyntax>
                </SchemaItem>
                <SchemaItem>
                    <Name>locked</Name>
                    <Syntax>java.lang.Integer</Syntax>
                    <NativeSyntax>TINYINT</NativeSyntax>
                </SchemaItem>
                <SchemaItem>
                    <Name>passwd</Name>
                    <NativeSyntax>VARCHAR</NativeSyntax>
                </SchemaItem>
                <SchemaItem>
                    <Name>username</Name>
                    <Syntax>java.lang.String</Syntax>
                    <NativeSyntax>VARCHAR</NativeSyntax>
                </SchemaItem>
            </Schema>
            <LinkCriteria>
                <InheritFrom>[parent]</InheritFrom>
                <AdvancedLinkMode>false</AdvancedLinkMode>
                <Script><![CDATA[ret.filter = "";
]]></Script>
            </LinkCriteria>
            <Hooks>
                <InheritFrom>[parent]</InheritFrom>
            </Hooks>
            <CheckpointConfig/>
            <SandboxConfig/>
            <Reconnect>
                <InheritFrom>[parent]</InheritFrom>
                <parameter name="initreconnect">false</parameter>
                <parameter name="numberOfRetries">1</parameter>
                <parameter name="retryDelay">10</parameter>
                <ReconnectRules/>
            </Reconnect>
            <Operations/>
            <PoolDefinition>
                <InheritFrom>[parent]</InheritFrom>
                <Enabled>false</Enabled>
                <MinPoolSize>0</MinPoolSize>
                <PurgeInterval>0</PurgeInterval>
                <InitializeAttempts>1</InitializeAttempts>
            </PoolDefinition>
            <PoolInstance/>
            <InitializeOption>0</InitializeOption>
        </Connector>
    </Folder>
    <Folder name="Parsers"/>
    <Folder name="Scripts">
        <Script name="HR - csv utils">
            <parameter name="autoInclude">true</parameter>
            <parameter name="includeFiles"/>
            <parameter name="script"><![CDATA[/**
 * Convert the given comma-separated string to a java.util.List.
 *
 * @param  s  The String containing the comma-separated values.
 *
 * @return A java.util.List containing the values.
 */
function csvToList(s) {
    var list = null;

    if (null != s) {
        list = new java.util.ArrayList();
        parts = s.split(",");
        if (null != parts) {
            for (var i=0; i<parts.length; i++) {
                list.add(parts[i]);
            }
        }
    }

    return list;
}

/**
 * Convert the given java.util.List to a comma-separated string.
 *
 * @param  l  The java.util.List to convert to a string.
 *
 * @return A comma-separated string with the values from the list.
 */
function listToCsv(l) {
    var csv = "";
    var sep = "";

    if (null != l) {
        for (var it=l.iterator(); it.hasNext(); ) {
            csv += sep + it.next();
            sep = ",";
        }
    }

    return csv;
}
]]></parameter>
        </Script>
    </Folder>
    <JavaLibraries/>
    <JavaProperties/>
    <Folder name="Includes"/>
    <Folder name="Config">
        <LogConfig name="Logging"/>
        <InstanceProperties name="AutoStart">
            <AutoStart/>
        </InstanceProperties>
        <TombstonesConfig name="Tombstones"/>
        <SolutionInterface name="SolutionInterface">
            <PollInterval>-1</PollInterval>
            <InstanceID>Kelly</InstanceID>
            <enabled>true</enabled>
        </SolutionInterface>
    </Folder>
    <Folder name="Functions"/>
    <Folder name="AttributeMaps"/>
    <Properties name="Properties">
        <Stores>
            <PropertyStore name="Solution-Properties">
                <Parser>
                    <Schema name="Input">
                        <InheritFrom>[parent]</InheritFrom>
                    </Schema>
                    <Schema name="Output">
                        <InheritFrom>[parent]</InheritFrom>
                    </Schema>
                </Parser>
                <RawConnector>
                    <InheritFrom>system:/Connectors/ibmdi.Properties</InheritFrom>
                    <parameter name="collectionType">Solution-Properties</parameter>
                </RawConnector>
                <Key>key</Key>
                <Value>value</Value>
                <ReadOnly>false</ReadOnly>
                <InitialLoad>true</InitialLoad>
                <CacheTimeout>0</CacheTimeout>
            </PropertyStore>
            <PropertyStore name="Global-Properties">
                <Parser>
                    <Schema name="Input">
                        <InheritFrom>[parent]</InheritFrom>
                    </Schema>
                    <Schema name="Output">
                        <InheritFrom>[parent]</InheritFrom>
                    </Schema>
                </Parser>
                <RawConnector>
                    <InheritFrom>system:/Connectors/ibmdi.Properties</InheritFrom>
                    <parameter name="collectionType">Global-Properties</parameter>
                </RawConnector>
                <Key>key</Key>
                <Value>value</Value>
                <ReadOnly>false</ReadOnly>
                <InitialLoad>true</InitialLoad>
                <CacheTimeout>0</CacheTimeout>
            </PropertyStore>
            <PropertyStore name="System-Properties">
                <Parser>
                    <Schema name="Input">
                        <InheritFrom>[parent]</InheritFrom>
                    </Schema>
                    <Schema name="Output">
                        <InheritFrom>[parent]</InheritFrom>
                    </Schema>
                </Parser>
                <RawConnector>
                    <InheritFrom>system:/Connectors/ibmdi.Properties</InheritFrom>
                    <parameter name="collectionType">System-Properties</parameter>
                </RawConnector>
                <Key>key</Key>
                <Value>value</Value>
                <ReadOnly>false</ReadOnly>
                <InitialLoad>true</InitialLoad>
                <CacheTimeout>0</CacheTimeout>
            </PropertyStore>
            <PropertyStore name="Java-Properties">
                <Parser>
                    <Schema name="Input">
                        <InheritFrom>[parent]</InheritFrom>
                    </Schema>
                    <Schema name="Output">
                        <InheritFrom>[parent]</InheritFrom>
                    </Schema>
                </Parser>
                <RawConnector>
                    <InheritFrom>system:/Connectors/ibmdi.Properties</InheritFrom>
                    <parameter name="collection">@SUBSTITUTE{config.$directory}/jdbc.properties</parameter>
                    <parameter name="collectionType">Java-Properties</parameter>
                </RawConnector>
                <Key>key</Key>
                <Value>value</Value>
                <ReadOnly>false</ReadOnly>
                <InitialLoad>true</InitialLoad>
                <CacheTimeout>0</CacheTimeout>
            </PropertyStore>
        </Stores>
    </Properties>
</MetamergeConfig>
