<?xml version='1.0' encoding='UTF-8'?>
<!DOCTYPE sailpoint PUBLIC "sailpoint.dtd" "sailpoint.dtd">
<sailpoint>

<CorrelationConfig name="RACF correlation - PROGRAMMER">
  <AttributeAssignments>
    <Filter operation="EQ" property="name" value="PROGRAMMER"/>
  </AttributeAssignments>
</CorrelationConfig>

<Application connector="sailpoint.connector.RACFConnector" featuresString="DIRECT_PERMISSIONS, NO_RANDOM_ACCESS, DISCOVER_SCHEMA" name="RACF" profileClass="" type="RACF Connector">
  <AccountCorrelationConfig>
    <Reference class="sailpoint.object.CorrelationConfig" name="RACF correlation - PROGRAMMER"/>
  </AccountCorrelationConfig>
  <Attributes>
    <Map>
      <entry key="compositeDefinition" value=""/>
      <entry key="file" value="&apos;VENDOR.RACFOUT&apos;"/>
      <entry key="filetransport" value="ftp"/>
      <entry key="filterEmptyRecords">
        <value>
          <Boolean></Boolean>
        </value>
      </entry>
      <entry key="host" value="192.86.1.1"/>
      <entry key="transportUser" value="YOURUSER"/>
      <entry key="transportUserPassword" value="secret"/>
    </Map>
  </Attributes>
  <Description></Description>
  <Owner>
    <Reference class="sailpoint.object.Identity" name="spadmin"/>
  </Owner>
  <Schemas>
    <Schema displayAttribute="NAME" identityAttribute="NAME" includePermissions="true" instanceAttribute="" nativeObjectType="USER" objectType="account" permissionsRemediationModificationType="None">
      <AttributeDefinition name="ACCESS_FRI" remediationModificationType="None" type="boolean">
        <Description></Description>
      </AttributeDefinition>
      <AttributeDefinition name="ACCESS_MON" remediationModificationType="None" type="boolean">
        <Description></Description>
      </AttributeDefinition>
      <AttributeDefinition name="ACCESS_SAT" remediationModificationType="None" type="boolean">
        <Description></Description>
      </AttributeDefinition>
      <AttributeDefinition name="ACCESS_SUN" remediationModificationType="None" type="boolean">
        <Description></Description>
      </AttributeDefinition>
      <AttributeDefinition name="ACCESS_THU" remediationModificationType="None" type="boolean">
        <Description></Description>
      </AttributeDefinition>
      <AttributeDefinition name="ACCESS_TUE" remediationModificationType="None" type="boolean">
        <Description></Description>
      </AttributeDefinition>
      <AttributeDefinition name="ACCESS_WED" remediationModificationType="None" type="boolean">
        <Description></Description>
      </AttributeDefinition>
      <AttributeDefinition name="ACCOUNT_NUMBER" remediationModificationType="None" type="string">
        <Description></Description>
      </AttributeDefinition>
      <AttributeDefinition name="ADDRESS1" remediationModificationType="None" type="string">
        <Description></Description>
      </AttributeDefinition>
      <AttributeDefinition name="ADDRESS2" remediationModificationType="None" type="string">
        <Description></Description>
      </AttributeDefinition>
      <AttributeDefinition name="ADDRESS3" remediationModificationType="None" type="string">
        <Description></Description>
      </AttributeDefinition>
      <AttributeDefinition name="ADDRESS4" remediationModificationType="None" type="string">
        <Description></Description>
      </AttributeDefinition>
      <AttributeDefinition name="ADSP" remediationModificationType="None" type="boolean">
        <Description></Description>
      </AttributeDefinition>
      <AttributeDefinition name="AREA_NAME" remediationModificationType="None" type="string">
        <Description></Description>
      </AttributeDefinition>
      <AttributeDefinition multi="true" name="ASSOCIATED_MAPPING" remediationModificationType="None" type="string">
        <Description></Description>
      </AttributeDefinition>
      <AttributeDefinition name="ATTRIBS" remediationModificationType="None" type="string">
        <Description></Description>
      </AttributeDefinition>
      <AttributeDefinition name="AUDITOR" remediationModificationType="None" type="boolean">
        <Description></Description>
      </AttributeDefinition>
      <AttributeDefinition name="BUILDING" remediationModificationType="None" type="string">
        <Description></Description>
      </AttributeDefinition>
      <AttributeDefinition multi="true" name="CATEGORIES" remediationModificationType="None" type="string">
        <Description></Description>
      </AttributeDefinition>
      <AttributeDefinition multi="true" name="CERTIFICATE" remediationModificationType="None" type="string">
        <Description></Description>
      </AttributeDefinition>
      <AttributeDefinition name="CERT_SEQN" remediationModificationType="None" type="string">
        <Description></Description>
      </AttributeDefinition>
      <AttributeDefinition name="CICS_NOFORCE" remediationModificationType="None" type="boolean">
        <Description></Description>
      </AttributeDefinition>
      <AttributeDefinition name="CICS_OPIDENT" remediationModificationType="None" type="string">
        <Description></Description>
      </AttributeDefinition>
      <AttributeDefinition name="CICS_OPPRTY" remediationModificationType="None" type="string">
        <Description></Description>
      </AttributeDefinition>
      <AttributeDefinition multi="true" name="CICS_OP_CLASSES" remediationModificationType="None" type="string">
        <Description></Description>
      </AttributeDefinition>
      <AttributeDefinition multi="true" name="CICS_RSL_KEY" remediationModificationType="None" type="string">
        <Description></Description>
      </AttributeDefinition>
      <AttributeDefinition name="CICS_TIMEOUT" remediationModificationType="None" type="string">
        <Description></Description>
      </AttributeDefinition>
      <AttributeDefinition multi="true" name="CICS_TSL_KEY" remediationModificationType="None" type="string">
        <Description></Description>
      </AttributeDefinition>
      <AttributeDefinition multi="true" name="CLASSES" remediationModificationType="None" type="string">
        <Description></Description>
      </AttributeDefinition>
      <AttributeDefinition name="CREATE_DATE" remediationModificationType="None" type="string">
        <Description></Description>
      </AttributeDefinition>
      <AttributeDefinition multi="true" name="CSDATA_CUSTOM" remediationModificationType="None" type="string">
        <Description></Description>
      </AttributeDefinition>
      <AttributeDefinition name="DCE_AUTOLOGIN" remediationModificationType="None" type="boolean">
        <Description></Description>
      </AttributeDefinition>
      <AttributeDefinition name="DCE_HOMECELL" remediationModificationType="None" type="string">
        <Description></Description>
      </AttributeDefinition>
      <AttributeDefinition name="DCE_HOMEUUID" remediationModificationType="None" type="string">
        <Description></Description>
      </AttributeDefinition>
      <AttributeDefinition name="DCE_NAME" remediationModificationType="None" type="string">
        <Description></Description>
      </AttributeDefinition>
      <AttributeDefinition name="DCE_UUID" remediationModificationType="None" type="string">
        <Description></Description>
      </AttributeDefinition>
      <AttributeDefinition name="DEFGRP_ID" remediationModificationType="None" type="string">
        <Description></Description>
      </AttributeDefinition>
      <AttributeDefinition name="DEPARTMENT" remediationModificationType="None" type="string">
        <Description></Description>
      </AttributeDefinition>
      <AttributeDefinition multi="true" name="DFP_DATA_RECORDS" remediationModificationType="None" type="string">
        <Description></Description>
      </AttributeDefinition>
      <AttributeDefinition name="EIM_LDAPPROFFILE" remediationModificationType="None" type="string">
        <Description></Description>
      </AttributeDefinition>
      <AttributeDefinition name="END_TIME" remediationModificationType="None" type="string">
        <Description></Description>
      </AttributeDefinition>
      <AttributeDefinition entitlement="true" multi="true" name="GROUPS" remediationModificationType="None" type="string">
        <Description></Description>
      </AttributeDefinition>
      <AttributeDefinition name="GRPACC" remediationModificationType="None" type="boolean">
        <Description></Description>
      </AttributeDefinition>
      <AttributeDefinition name="INSTALL_DATA" remediationModificationType="None" type="string">
        <Description></Description>
      </AttributeDefinition>
      <AttributeDefinition name="KERB_ENCRYPT_A128" remediationModificationType="None" type="boolean">
        <Description></Description>
      </AttributeDefinition>
      <AttributeDefinition name="KERB_ENCRYPT_A256" remediationModificationType="None" type="boolean">
        <Description></Description>
      </AttributeDefinition>
      <AttributeDefinition name="KERB_ENCRYPT_DES" remediationModificationType="None" type="boolean">
        <Description></Description>
      </AttributeDefinition>
      <AttributeDefinition name="KERB_ENCRYPT_DES3" remediationModificationType="None" type="boolean">
        <Description></Description>
      </AttributeDefinition>
      <AttributeDefinition name="KERB_ENCRYPT_DESD" remediationModificationType="None" type="boolean">
        <Description></Description>
      </AttributeDefinition>
      <AttributeDefinition name="KERB_KEY_FROM" remediationModificationType="None" type="string">
        <Description></Description>
      </AttributeDefinition>
      <AttributeDefinition name="KERB_KEY_VER" remediationModificationType="None" type="string">
        <Description></Description>
      </AttributeDefinition>
      <AttributeDefinition name="KERB_MAXLIFE" remediationModificationType="None" type="string">
        <Description></Description>
      </AttributeDefinition>
      <AttributeDefinition name="KERB_NAME" remediationModificationType="None" type="string">
        <Description></Description>
      </AttributeDefinition>
      <AttributeDefinition name="LASTJOB_DATE" remediationModificationType="None" type="string">
        <Description></Description>
      </AttributeDefinition>
      <AttributeDefinition name="LASTJOB_TIME" remediationModificationType="None" type="string">
        <Description></Description>
      </AttributeDefinition>
      <AttributeDefinition name="LDAP_BIND_DN" remediationModificationType="None" type="string">
        <Description></Description>
      </AttributeDefinition>
      <AttributeDefinition name="LDAP_HOST" remediationModificationType="None" type="string">
        <Description></Description>
      </AttributeDefinition>
      <AttributeDefinition name="LNOTES_SHORTNAME" remediationModificationType="None" type="string">
        <Description></Description>
      </AttributeDefinition>
      <AttributeDefinition name="MODEL" remediationModificationType="None" type="string">
        <Description></Description>
      </AttributeDefinition>
      <AttributeDefinition name="MVS_HOME_PATH" remediationModificationType="None" type="string">
        <Description></Description>
      </AttributeDefinition>
      <AttributeDefinition name="MVS_MAX_ASSSIZE" remediationModificationType="None" type="string">
        <Description></Description>
      </AttributeDefinition>
      <AttributeDefinition name="MVS_MAX_CPUTIME" remediationModificationType="None" type="string">
        <Description></Description>
      </AttributeDefinition>
      <AttributeDefinition name="MVS_MAX_FILEPROC" remediationModificationType="None" type="string">
        <Description></Description>
      </AttributeDefinition>
      <AttributeDefinition name="MVS_MAX_MAP_STORAGE" remediationModificationType="None" type="string">
        <Description></Description>
      </AttributeDefinition>
      <AttributeDefinition name="MVS_MAX_PROC" remediationModificationType="None" type="string">
        <Description></Description>
      </AttributeDefinition>
      <AttributeDefinition name="MVS_MAX_THREADS" remediationModificationType="None" type="string">
        <Description></Description>
      </AttributeDefinition>
      <AttributeDefinition name="MVS_MEM_LIMIT" remediationModificationType="None" type="string">
        <Description></Description>
      </AttributeDefinition>
      <AttributeDefinition name="MVS_PROGRAM" remediationModificationType="None" type="string">
        <Description></Description>
      </AttributeDefinition>
      <AttributeDefinition name="MVS_SHMEM_LIMIT" remediationModificationType="None" type="string">
        <Description></Description>
      </AttributeDefinition>
      <AttributeDefinition name="MVS_UID" remediationModificationType="None" type="string">
        <Description></Description>
      </AttributeDefinition>
      <AttributeDefinition name="NAME" remediationModificationType="None" type="string">
        <Description></Description>
      </AttributeDefinition>
      <AttributeDefinition name="NDS_UNAME" remediationModificationType="None" type="string">
        <Description></Description>
      </AttributeDefinition>
      <AttributeDefinition name="NETVIEW_CONSOLE_NAME" remediationModificationType="None" type="string">
        <Description></Description>
      </AttributeDefinition>
      <AttributeDefinition name="NETVIEW_CTL" remediationModificationType="None" type="string">
        <Description></Description>
      </AttributeDefinition>
      <AttributeDefinition name="NETVIEW_IC" remediationModificationType="None" type="string">
        <Description></Description>
      </AttributeDefinition>
      <AttributeDefinition name="NETVIEW_MSGRECVR" remediationModificationType="None" type="boolean">
        <Description></Description>
      </AttributeDefinition>
      <AttributeDefinition name="NETVIEW_NGMFADMN" remediationModificationType="None" type="boolean">
        <Description></Description>
      </AttributeDefinition>
      <AttributeDefinition name="NETVIEW_NGMFVSPN" remediationModificationType="None" type="string">
        <Description></Description>
      </AttributeDefinition>
      <AttributeDefinition name="NETVIEW_OPCLASS" remediationModificationType="None" type="string">
        <Description></Description>
      </AttributeDefinition>
      <AttributeDefinition name="NOPWD" remediationModificationType="None" type="boolean">
        <Description></Description>
      </AttributeDefinition>
      <AttributeDefinition name="OIDCARD" remediationModificationType="None" type="boolean">
        <Description></Description>
      </AttributeDefinition>
      <AttributeDefinition name="OPER" remediationModificationType="None" type="boolean">
        <Description></Description>
      </AttributeDefinition>
      <AttributeDefinition name="OVM_FSROOT" remediationModificationType="None" type="string">
        <Description></Description>
      </AttributeDefinition>
      <AttributeDefinition name="OVM_HOME_PATH" remediationModificationType="None" type="string">
        <Description></Description>
      </AttributeDefinition>
      <AttributeDefinition name="OVM_PROGRAM" remediationModificationType="None" type="string">
        <Description></Description>
      </AttributeDefinition>
      <AttributeDefinition name="OVM_UID" remediationModificationType="None" type="string">
        <Description></Description>
      </AttributeDefinition>
      <AttributeDefinition name="OWNER_ID" remediationModificationType="None" type="string">
        <Description></Description>
      </AttributeDefinition>
      <AttributeDefinition name="PHR_DATE" remediationModificationType="None" type="string">
        <Description></Description>
      </AttributeDefinition>
      <AttributeDefinition name="PHR_GEN" remediationModificationType="None" type="string">
        <Description></Description>
      </AttributeDefinition>
      <AttributeDefinition name="PPHENV_EXISTS" remediationModificationType="None" type="boolean">
        <Description></Description>
      </AttributeDefinition>
      <AttributeDefinition name="PRIMARY_LANGUAGE" remediationModificationType="None" type="string">
        <Description></Description>
      </AttributeDefinition>
      <AttributeDefinition name="PROGRAMMER" remediationModificationType="None" type="string">
        <Description></Description>
      </AttributeDefinition>
      <AttributeDefinition name="PWDENV_EXISTS" remediationModificationType="None" type="boolean">
        <Description></Description>
      </AttributeDefinition>
      <AttributeDefinition name="PWD_ASIS" remediationModificationType="None" type="boolean">
        <Description></Description>
      </AttributeDefinition>
      <AttributeDefinition name="PWD_DATE" remediationModificationType="None" type="string">
        <Description></Description>
      </AttributeDefinition>
      <AttributeDefinition name="PWD_GEN" remediationModificationType="None" type="string">
        <Description></Description>
      </AttributeDefinition>
      <AttributeDefinition name="PWD_INTERVAL" remediationModificationType="None" type="string">
        <Description></Description>
      </AttributeDefinition>
      <AttributeDefinition name="RESUME_DATE" remediationModificationType="None" type="string">
        <Description></Description>
      </AttributeDefinition>
      <AttributeDefinition name="REVOKE" remediationModificationType="None" type="boolean">
        <Description></Description>
      </AttributeDefinition>
      <AttributeDefinition name="REVOKE_CNT" remediationModificationType="None" type="string">
        <Description></Description>
      </AttributeDefinition>
      <AttributeDefinition name="REVOKE_DATE" remediationModificationType="None" type="string">
        <Description></Description>
      </AttributeDefinition>
      <AttributeDefinition name="ROOM" remediationModificationType="None" type="string">
        <Description></Description>
      </AttributeDefinition>
      <AttributeDefinition name="SECLEVEL" remediationModificationType="None" type="string">
        <Description></Description>
      </AttributeDefinition>
      <AttributeDefinition name="SECONDARY_LANGUAGE" remediationModificationType="None" type="string">
        <Description></Description>
      </AttributeDefinition>
      <AttributeDefinition name="SEC_LABELS" remediationModificationType="None" type="string">
        <Description></Description>
      </AttributeDefinition>
      <AttributeDefinition name="SPECIAL" remediationModificationType="None" type="boolean">
        <Description></Description>
      </AttributeDefinition>
      <AttributeDefinition name="START_TIME" remediationModificationType="None" type="string">
        <Description></Description>
      </AttributeDefinition>
      <AttributeDefinition name="TSO_ACCOUNT_NAME" remediationModificationType="None" type="string">
        <Description></Description>
      </AttributeDefinition>
      <AttributeDefinition name="TSO_COMMAND" remediationModificationType="None" type="string">
        <Description></Description>
      </AttributeDefinition>
      <AttributeDefinition name="TSO_DEST" remediationModificationType="None" type="string">
        <Description></Description>
      </AttributeDefinition>
      <AttributeDefinition name="TSO_HOLD_CLASS" remediationModificationType="None" type="string">
        <Description></Description>
      </AttributeDefinition>
      <AttributeDefinition name="TSO_JOB_CLASS" remediationModificationType="None" type="string">
        <Description></Description>
      </AttributeDefinition>
      <AttributeDefinition name="TSO_LOGIN_PROC" remediationModificationType="None" type="string">
        <Description></Description>
      </AttributeDefinition>
      <AttributeDefinition name="TSO_LOGIN_SIZE" remediationModificationType="None" type="string">
        <Description></Description>
      </AttributeDefinition>
      <AttributeDefinition name="TSO_LOGON_MAX" remediationModificationType="None" type="string">
        <Description></Description>
      </AttributeDefinition>
      <AttributeDefinition name="TSO_MSG_CLASS" remediationModificationType="None" type="string">
        <Description></Description>
      </AttributeDefinition>
      <AttributeDefinition name="TSO_PERF_GROUP" remediationModificationType="None" type="string">
        <Description></Description>
      </AttributeDefinition>
      <AttributeDefinition name="TSO_SECLABEL" remediationModificationType="None" type="string">
        <Description></Description>
      </AttributeDefinition>
      <AttributeDefinition name="TSO_SYSOUT_CLASS" remediationModificationType="None" type="string">
        <Description></Description>
      </AttributeDefinition>
      <AttributeDefinition name="TSO_UNIT_NAME" remediationModificationType="None" type="string">
        <Description></Description>
      </AttributeDefinition>
      <AttributeDefinition name="TSO_USER_DATA" remediationModificationType="None" type="string">
        <Description></Description>
      </AttributeDefinition>
      <AttributeDefinition name="UAUDIT" remediationModificationType="None" type="boolean">
        <Description></Description>
      </AttributeDefinition>
    </Schema>
    <Schema displayAttribute="NAME" identityAttribute="NAME" includePermissions="true" instanceAttribute="" nativeObjectType="GROUP" objectType="group" permissionsRemediationModificationType="None">
      <AttributeDefinition multi="true" name="TME_ROLE" remediationModificationType="None" type="string">
        <Description></Description>
      </AttributeDefinition>
      <AttributeDefinition multi="true" name="OMVS_GID" remediationModificationType="None" type="string">
        <Description></Description>
      </AttributeDefinition>
      <AttributeDefinition multi="true" name="OVM_GID" remediationModificationType="None" type="string">
        <Description></Description>
      </AttributeDefinition>
      <AttributeDefinition multi="true" name="CSDATA_CUSTOM" remediationModificationType="None" type="string">
        <Description></Description>
      </AttributeDefinition>
      <AttributeDefinition multi="true" name="SUBGROUPNAME" remediationModificationType="None" type="string">
        <Description></Description>
      </AttributeDefinition>
      <AttributeDefinition multi="true" name="MEMBERS" remediationModificationType="None" type="string">
        <Description></Description>
      </AttributeDefinition>
      <AttributeDefinition name="NAME" remediationModificationType="None" type="string">
        <Description></Description>
      </AttributeDefinition>
      <AttributeDefinition name="SUPERIOR_GROUP" remediationModificationType="None" type="string">
        <Description></Description>
      </AttributeDefinition>
      <AttributeDefinition name="CREATE_DATE" remediationModificationType="None" type="string">
        <Description></Description>
      </AttributeDefinition>
      <AttributeDefinition name="OWNER_ID" remediationModificationType="None" type="string">
        <Description></Description>
      </AttributeDefinition>
      <AttributeDefinition name="UACC" remediationModificationType="None" type="string">
        <Description></Description>
      </AttributeDefinition>
      <AttributeDefinition name="NOTERMUACC" remediationModificationType="None" type="boolean">
        <Description></Description>
      </AttributeDefinition>
      <AttributeDefinition name="INSTALL_DATA" remediationModificationType="None" type="string">
        <Description></Description>
      </AttributeDefinition>
      <AttributeDefinition name="GROUP_MODEL" remediationModificationType="None" type="string">
        <Description></Description>
      </AttributeDefinition>
      <AttributeDefinition name="UNIVERSAL" remediationModificationType="None" type="boolean">
        <Description></Description>
      </AttributeDefinition>
    </Schema>
  </Schemas>
  <Templates>
    <Template name="account">
      <Field displayName="NAME" name="NAME" reviewRequired="true" type="string">
        <Script>
          <Source>return identity.getFirstname().toUpperCase().charAt(0) + identity.getLastname().toUpperCase();</Source>
        </Script>
        <ValidationScript>
          <Source>List msgs = null;

if ((null != value) &amp;&amp; (value.length() > 8)) {
 msgs = new ArrayList();
 msgs.add("NAME must be 8 characters or less.");
}

return msgs;</Source>
        </ValidationScript>
      </Field>
      <Field displayName="DEFGRP_ID" name="DEFGRP_ID" reviewRequired="true" type="string" value="GROUP1"/>
      <Field displayName="OWNER_ID" name="OWNER_ID" reviewRequired="true" type="string" value="GROUP1"/>
      <Field displayName="PROGRAMMER" name="PROGRAMMER" reviewRequired="true" type="string">
        <Script>
          <Source>return identity.getFullName();</Source>
        </Script>
      </Field>
      <Field displayName="TSO_ACCOUNT_NAME" name="TSO_ACCOUNT_NAME" reviewRequired="true" type="string" value="FB3"/>
      <Field displayName="TSO_LOGIN_PROC" name="TSO_LOGIN_PROC" reviewRequired="true" type="string" value="SPFPROCE"/>
      <Field displayName="TSO_UNIT_NAME" name="TSO_UNIT_NAME" reviewRequired="true" type="string" value="SYSDA"/>
      <Field displayName="TSO_LOGIN_SIZE" name="TSO_LOGIN_SIZE" reviewRequired="true" type="string" value="100000"/>
      <Field displayName="password" name="password" reviewRequired="true" type="secret"/>
    </Template>
  </Templates>
</Application>
</sailpoint>