<?xml version='1.0' encoding='UTF-8'?>
<!DOCTYPE IntegrationConfig PUBLIC "sailpoint.dtd" "sailpoint.dtd">
<IntegrationConfig executor="sailpoint.integration.tdi.TDIIntegrationExecutor" name="TDI Integration" roleSyncStyle="none">
  <Attributes>
    <Map>
      <entry key="operations" value="Create,Modify,Delete,Enable,Unlock"/>
      <entry key="password" value="secret"/>
      <entry key="url" value="http://tugboat.test.sailpoint.com:80/"/>
      <entry key="username" value="iiq"/>
    </Map>
  </Attributes>
  <ManagedResources>
    <ManagedResource name="RACF">
      <ApplicationRef>
        <Reference class="sailpoint.object.Application" name="RACF"/>
      </ApplicationRef>
      <ResourceAttributes>
        <ResourceAttribute localName="NAME" name="racfid"/>
        <ResourceAttribute localName="DEFGRP_ID" name="racfDefaultGroup"/>
        <ResourceAttribute localName="OWNER_ID" name="racfOwner"/>
        <ResourceAttribute localName="PROGRAMMER" name="racfProgrammerName"/>
        <ResourceAttribute localName="TSO_ACCOUNT_NAME" name="SAFAccountNumber"/>
        <ResourceAttribute localName="TSO_LOGIN_PROC" name="SAFDefaultLoginProc"/>
        <ResourceAttribute localName="TSO_UNIT_NAME" name="SAFDefaultUnit"/>
        <ResourceAttribute localName="TSO_LOGIN_SIZE" name="SAFLogonSize"/>
      </ResourceAttributes>
    </ManagedResource>
  </ManagedResources>
</IntegrationConfig>
