<?xml version='1.0' encoding='UTF-8'?>
<!DOCTYPE Application PUBLIC "sailpoint.dtd" "sailpoint.dtd">
<Application connector="sailpoint.connector.SAPHRConnector"  featuresString="DIRECT_PERMISSIONS, MANAGER_LOOKUP, UNLOCK"   name="saphr" type="SAP HR">
  <Attributes>
    <Map>
      <entry key="acctAggregationStart">
        <value>
          <Date>1288120370799</Date>
        </value>
      </entry>
      <entry key="clientLanguage" value="EN"/>
      <entry key="clientNumber" value="800"/>
      <entry key="enableSearching" value="true"/>
      <entry key="host" value="m2bm2p"/>
      <entry key="password" value="1:tWB3MTG3urfZTpCqhfwZkg=="/>
      <entry key="router" value="/H/saprouter.majul.com/H/"/>
      <entry key="systemID" value="07"/>
      <entry key="user" value="student152"/>
    </Map>
  </Attributes>
  <Owner>
    <Reference class="sailpoint.object.Identity"  name="spadmin"/>
  </Owner>
  <Schemas>
    <Schema  displayAttribute="Name"  identityAttribute="Employee Number" nativeObjectType="User" objectType="account">
      <AttributeDefinition name="Academic Grade" type="string"/>
      <AttributeDefinition name="Address" type="string"/>
      <AttributeDefinition name="Address Type" type="string"/>
      <AttributeDefinition name="Address Type Code" type="string"/>
      <AttributeDefinition name="Admin Group" type="string"/>
      <AttributeDefinition name="Aristrocratic Title" type="string"/>
      <AttributeDefinition name="Birth Date" type="string"/>
      <AttributeDefinition name="Birth Name" type="string"/>
      <AttributeDefinition name="Birth Place" type="string"/>
      <AttributeDefinition name="Business Area" type="string"/>
      <AttributeDefinition name="Changed By" type="string"/>
      <AttributeDefinition name="City" type="string"/>
      <AttributeDefinition name="Co Area" type="string"/>
      <AttributeDefinition name="Comp Code" type="string"/>
      <AttributeDefinition name="Company Name" type="string"/>
      <AttributeDefinition name="Contract" type="string"/>
      <AttributeDefinition name="Cost Center" type="string"/>
      <AttributeDefinition name="Country" type="string"/>
      <AttributeDefinition name="Country Code" type="string"/>
      <AttributeDefinition name="Country of Birth" type="string"/>
      <AttributeDefinition name="Country of Birth Code" type="string"/>
      <AttributeDefinition name="District" type="string"/>
      <AttributeDefinition name="E Group" type="string"/>
      <AttributeDefinition name="Email" type="string"/>
      <AttributeDefinition name="Employee Number" type="string"/>
      <AttributeDefinition name="FirstName" type="string"/>
      <AttributeDefinition name="Form of Address" type="string"/>
      <AttributeDefinition name="FullName" type="string"/>
      <AttributeDefinition name="Fund" type="string"/>
      <AttributeDefinition name="Funds Center" type="string"/>
      <AttributeDefinition name="Gender" type="string"/>
      <AttributeDefinition name="Gender Code" type="string"/>
      <AttributeDefinition name="Id Number" type="string"/>
      <AttributeDefinition name="Initials" type="string"/>
      <AttributeDefinition name="Job" type="string"/>
      <AttributeDefinition name="Job Description" type="string"/>
      <AttributeDefinition name="Known As" type="string"/>
      <AttributeDefinition name="Language" type="string"/>
      <AttributeDefinition name="Language Code" type="string"/>
      <AttributeDefinition name="Language ISO" type="string"/>
      <AttributeDefinition name="Last Changed On" type="string"/>
      <AttributeDefinition name="LastName" type="string"/>
      <AttributeDefinition name="LegPerson" type="string"/>
      <AttributeDefinition name="Marital Status Code" type="string"/>
      <AttributeDefinition name="Marital Status Since" type="string"/>
      <AttributeDefinition name="MaritalStatus" type="string"/>
      <AttributeDefinition name="MiddleName" type="string"/>
      <AttributeDefinition name="Name" type="string"/>
      <AttributeDefinition name="Name Format Indicator" type="string"/>
      <AttributeDefinition name="Name State of Birth" type="string"/>
      <AttributeDefinition name="Name Third Nationality" type="string"/>
      <AttributeDefinition name="Nationality" type="string"/>
      <AttributeDefinition name="Nationality Code" type="string"/>
      <AttributeDefinition name="Number of Children" type="string"/>
      <AttributeDefinition name="Org Key" type="string"/>
      <AttributeDefinition name="Org Unit" type="string"/>
      <AttributeDefinition name="Organization Description" type="string"/>
      <AttributeDefinition name="P subArea" type="string"/>
      <AttributeDefinition name="Payarea" type="string"/>
      <AttributeDefinition name="Payrole Admin" type="string"/>
      <AttributeDefinition name="Personal Admin" type="string"/>
      <AttributeDefinition name="Personal Area" type="string"/>
      <AttributeDefinition name="Personal Number" type="string"/>
      <AttributeDefinition name="Position" type="string"/>
      <AttributeDefinition name="Position Description" type="string"/>
      <AttributeDefinition name="Reason Code" type="string"/>
      <AttributeDefinition name="Religion" type="string"/>
      <AttributeDefinition name="Religion Code" type="string"/>
      <AttributeDefinition name="Second Academic Grade" type="string"/>
      <AttributeDefinition name="Second Address Line" type="string"/>
      <AttributeDefinition name="Second Name Prefix" type="string"/>
      <AttributeDefinition name="Second Nationality" type="string"/>
      <AttributeDefinition name="Second Nationality Code" type="string"/>
      <AttributeDefinition name="SecondName" type="string"/>
      <AttributeDefinition name="State" type="string"/>
      <AttributeDefinition name="State Abreviation" type="string"/>
      <AttributeDefinition name="State of Birth" type="string"/>
      <AttributeDefinition name="Sub E Group" type="string"/>
      <AttributeDefinition name="Supervisor" type="string"/>
      <AttributeDefinition name="Surname Prefix" type="string"/>
      <AttributeDefinition name="System user name (SY-UNAME)" type="string"/>
      <AttributeDefinition name="Telephone" type="string"/>
      <AttributeDefinition name="Third Nationality" type="string"/>
      <AttributeDefinition name="Time Admin" type="string"/>
      <AttributeDefinition name="Title" type="string"/>
      <AttributeDefinition name="Valid End" type="string"/>
      <AttributeDefinition name="Valid Start" type="string"/>
      <AttributeDefinition name="Zip Code" type="string"/>
    </Schema>
  </Schemas>
</Application>
