<?xml version='1.0' encoding='UTF-8'?>
<!DOCTYPE Application PUBLIC "sailpoint.dtd" "sailpoint.dtd">
<Application connector="sailpoint.connector.ADLDAPConnector" featuresString="AUTHENTICATE, MANAGER_LOOKUP, SEARCH, UNSTRUCTURED_TARGETS, UNLOCK, ENABLE" name="Active_Directory" profileClass="" type="Active Directory">
  <Attributes>
    <Map>
      <entry key="authSearchAttributes">
        <value>
          <List>
            <String>cn</String>
            <String>uid</String>
            <String>mail</String>
            <String>sAMAccountName</String>
          </List>
        </value>
      </entry>
      <entry key="authorizationType" value="simple"/>
      <entry key="compositeDefinition" value=""/>
      <entry key="host" value="snorkelad.localhost"/>
      <entry key="pageSize" value="100"/>
      <entry key="password" value="1:QKvJ4EBenB+C7rqUJF6wog=="/>
      <entry key="port" value="389"/>
      <entry key="searchDN" value="cn=users,dc=snorkelad,dc=localhost"/>
      <entry key="searchScope" value="SUBTREE"/>
      <entry key="useSSL">
        <value>
          <Boolean></Boolean>
        </value>
      </entry>
      <entry key="user" value="cn=Administrator,cn=users,dc=snorkelad,dc=localhost"/>
    </Map>
  </Attributes>
  <Description></Description>
  <Owner>
    <Reference class="sailpoint.object.Identity" name="spadmin"/>
  </Owner>
  <Schemas>
    <Schema displayAttribute="sAMAccountName" identityAttribute="distinguishedName" instanceAttribute="" nativeObjectType="User" objectType="account">
      <AttributeDefinition name="businessCategory" remediationModificationType="None" type="string">
        <Description>business category</Description>
      </AttributeDefinition>
      <AttributeDefinition multi="true" name="carLicense" remediationModificationType="None" type="string">
        <Description>vehicle license or registration plate</Description>
      </AttributeDefinition>
      <AttributeDefinition name="cn" remediationModificationType="None" type="string">
        <Description>common name(s) for which the entity is known by</Description>
      </AttributeDefinition>
      <AttributeDefinition name="dn" remediationModificationType="None" type="string">
        <Description>distinguished name for which the entity is known by</Description>
      </AttributeDefinition>
      <AttributeDefinition name="departmentNumber" remediationModificationType="None" type="string">
        <Description>identifies a department within an organization</Description>
      </AttributeDefinition>
      <AttributeDefinition name="description" remediationModificationType="None" type="string">
        <Description>descriptive information</Description>
      </AttributeDefinition>
      <AttributeDefinition name="destinationIndicator" remediationModificationType="None" type="string">
        <Description>destination indicator</Description>
      </AttributeDefinition>
      <AttributeDefinition name="displayName" remediationModificationType="None" type="string">
        <Description>preferred name to be used when displaying entries</Description>
      </AttributeDefinition>
      <AttributeDefinition name="employeeNumber" remediationModificationType="None" type="string">
        <Description>numerically identifies an employee within an organization</Description>
      </AttributeDefinition>
      <AttributeDefinition name="employeeType" remediationModificationType="None" type="string">
        <Description>type of employment for a person</Description>
      </AttributeDefinition>
      <AttributeDefinition multi="true" name="facsimileTelephoneNumber" remediationModificationType="None" type="string">
        <Description>Facsimile (Fax) Telephone Number</Description>
      </AttributeDefinition>
      <AttributeDefinition name="givenName" remediationModificationType="None" type="string">
        <Description>first name(s) for which the entity is known by</Description>
      </AttributeDefinition>
      <AttributeDefinition name="homePhone" remediationModificationType="None" type="string">
        <Description>home telephone number</Description>
      </AttributeDefinition>
      <AttributeDefinition name="homePostalAddress" remediationModificationType="None" type="string">
        <Description>home postal address</Description>
      </AttributeDefinition>
      <AttributeDefinition name="initials" remediationModificationType="None" type="string">
        <Description>initials of some or all of names, but not the surname(s).</Description>
      </AttributeDefinition>
      <AttributeDefinition name="internationaliSDNNumber" remediationModificationType="None" type="string">
        <Description>international ISDN number</Description>
      </AttributeDefinition>
      <AttributeDefinition name="l" remediationModificationType="None" type="string">
        <Description>city</Description>
      </AttributeDefinition>
      <AttributeDefinition name="mail" remediationModificationType="None" type="string">
        <Description>RFC822 Mailbox</Description>
      </AttributeDefinition>
      <AttributeDefinition name="manager" remediationModificationType="None" type="string">
        <Description>DN of manager</Description>
      </AttributeDefinition>
      <AttributeDefinition name="mobile" remediationModificationType="None" type="string">
        <Description>mobile telephone number</Description>
      </AttributeDefinition>
      <AttributeDefinition name="o" remediationModificationType="None" type="string">
        <Description>organization this object belongs to</Description>
      </AttributeDefinition>
      <AttributeDefinition name="ou" remediationModificationType="None" type="string">
        <Description>organizational unit this object belongs to</Description>
      </AttributeDefinition>
      <AttributeDefinition name="pager" remediationModificationType="None" type="string">
        <Description>pager telephone number</Description>
      </AttributeDefinition>
      <AttributeDefinition name="physicalDeliveryOfficeName" remediationModificationType="None" type="string">
        <Description>Physical Delivery Office Name</Description>
      </AttributeDefinition>
      <AttributeDefinition name="postOfficeBox" remediationModificationType="None" type="string">
        <Description>Post Office Box</Description>
      </AttributeDefinition>
      <AttributeDefinition name="postalAddress" remediationModificationType="None" type="string">
        <Description>postal address</Description>
      </AttributeDefinition>
      <AttributeDefinition name="postalCode" remediationModificationType="None" type="string">
        <Description>postal code</Description>
      </AttributeDefinition>
      <AttributeDefinition name="preferredDeliveryMethod" remediationModificationType="None" type="string">
        <Description>preferred delivery method</Description>
      </AttributeDefinition>
      <AttributeDefinition name="preferredLanguage" remediationModificationType="None" type="string">
        <Description>preferred written or spoken language for a person</Description>
      </AttributeDefinition>
      <AttributeDefinition name="registeredAddress" remediationModificationType="None" type="string">
        <Description>registered postal address</Description>
      </AttributeDefinition>
      <AttributeDefinition name="roomNumber" remediationModificationType="None" type="string">
        <Description>room number</Description>
      </AttributeDefinition>
      <AttributeDefinition name="secretary" remediationModificationType="None" type="string">
        <Description>DN of secretary</Description>
      </AttributeDefinition>
      <AttributeDefinition name="seeAlso" remediationModificationType="None" type="string">
        <Description>DN of related object</Description>
      </AttributeDefinition>
      <AttributeDefinition name="sn" remediationModificationType="None" type="string">
        <Description>last (family) name(s) for which the entity is known by</Description>
      </AttributeDefinition>
      <AttributeDefinition name="st" remediationModificationType="None" type="string">
        <Description>state or province which this object resides in</Description>
      </AttributeDefinition>
      <AttributeDefinition name="street" remediationModificationType="None" type="string">
        <Description>street address of this object</Description>
      </AttributeDefinition>
      <AttributeDefinition name="telephoneNumber" remediationModificationType="None" type="string">
        <Description>Telephone Number</Description>
      </AttributeDefinition>
      <AttributeDefinition name="teletexTerminalIdentifier" remediationModificationType="None" type="string">
        <Description>Teletex Terminal Identifier</Description>
      </AttributeDefinition>
      <AttributeDefinition name="telexNumber" remediationModificationType="None" type="string">
        <Description>Telex Number</Description>
      </AttributeDefinition>
      <AttributeDefinition name="title" remediationModificationType="None" type="string">
        <Description>title associated with the entity</Description>
      </AttributeDefinition>
      <AttributeDefinition name="uid" remediationModificationType="None" type="string">
        <Description>user identifier</Description>
      </AttributeDefinition>
      <AttributeDefinition multi="true" name="objectClass" remediationModificationType="None" type="string">
        <Description>object classes of the entity</Description>
      </AttributeDefinition>
      <AttributeDefinition entitlement="true" multi="true" name="memberOf" remediationModificationType="None" type="string">
        <Description>Group Membership</Description>
      </AttributeDefinition>
      <AttributeDefinition name="objectSid" remediationModificationType="None" type="string">
        <Description>Windows Security Identifier</Description>
      </AttributeDefinition>
      <AttributeDefinition name="sAMAccountName" remediationModificationType="None" type="string">
        <Description>sAMAccountName</Description>
      </AttributeDefinition>
      <AttributeDefinition name="primaryGroupID" remediationModificationType="None" type="string">
        <Description>RID of users primary group</Description>
      </AttributeDefinition>
      <AttributeDefinition name="primaryGroupDN" remediationModificationType="None" type="string">
        <Description>DN of users primary group</Description>
      </AttributeDefinition>
      <AttributeDefinition multi="true" name="accountFlags" remediationModificationType="None" type="string">
        <Description>List of the flags enabled on an account</Description>
      </AttributeDefinition>
      <AttributeDefinition name="homeMTA" remediationModificationType="None" type="string">
        <Description></Description>
      </AttributeDefinition>
      <AttributeDefinition name="homeMDB" remediationModificationType="None" type="string">
        <Description></Description>
      </AttributeDefinition>
      <AttributeDefinition name="msExchHomeServerName" remediationModificationType="None" type="string">
        <Description></Description>
      </AttributeDefinition>
      <AttributeDefinition name="mailNickname" remediationModificationType="None" type="string">
        <Description></Description>
      </AttributeDefinition>
      <AttributeDefinition name="proxyAddresses" remediationModificationType="None" type="string">
        <Description></Description>
      </AttributeDefinition>
      <AttributeDefinition name="legacyExchangeDN" remediationModificationType="None" type="string">
        <Description></Description>
      </AttributeDefinition>
      <AttributeDefinition name="textEncodedORAddress" remediationModificationType="None" type="string">
        <Description></Description>
      </AttributeDefinition>
      <AttributeDefinition name="mDBUseDefaults" remediationModificationType="None" type="boolean">
        <Description></Description>
      </AttributeDefinition>
      <AttributeDefinition name="mDBStorageQuota" remediationModificationType="None" type="int">
        <Description></Description>
      </AttributeDefinition>
      <AttributeDefinition name="mDBOverQuotaLimit" remediationModificationType="None" type="int">
        <Description></Description>
      </AttributeDefinition>
      <AttributeDefinition name="mDBOverHardQuotaLimit" remediationModificationType="None" type="int">
        <Description></Description>
      </AttributeDefinition>
      <AttributeDefinition name="deletedItemFlags" remediationModificationType="None" type="int">
        <Description></Description>
      </AttributeDefinition>
      <AttributeDefinition name="garbageCollPeriod" remediationModificationType="None" type="int">
        <Description></Description>
      </AttributeDefinition>
    </Schema>
    <Schema displayAttribute="cn" hierarchyAttribute="memberOf" identityAttribute="distinguishedName" instanceAttribute="" nativeObjectType="Group" objectType="group">
      <AttributeDefinition name="cn" remediationModificationType="None" type="string">
        <Description>common name(s) for which the entity is known by</Description>
      </AttributeDefinition>
      <AttributeDefinition name="dn" remediationModificationType="None" type="string">
        <Description>Directory Path</Description>
      </AttributeDefinition>
      <AttributeDefinition name="o" remediationModificationType="None" type="string">
        <Description>organization this object belongs to</Description>
      </AttributeDefinition>
      <AttributeDefinition name="ou" remediationModificationType="None" type="string">
        <Description>organizational unit this object belongs to</Description>
      </AttributeDefinition>
      <AttributeDefinition name="owner" remediationModificationType="None" type="string">
        <Description>owner (of the object)</Description>
      </AttributeDefinition>
      <AttributeDefinition name="description" remediationModificationType="None" type="string">
        <Description>descriptive information</Description>
      </AttributeDefinition>
      <AttributeDefinition multi="true" name="memberOf" remediationModificationType="None" type="string">
        <Description>Group Membership</Description>
      </AttributeDefinition>
      <AttributeDefinition name="objectSid" remediationModificationType="None" type="string">
        <Description>Windows Security Identifier</Description>
      </AttributeDefinition>
      <AttributeDefinition multi="true" name="member" remediationModificationType="None" type="string">
        <Description>Group Members</Description>
      </AttributeDefinition>
    </Schema>
  </Schemas>
  <Templates>
    <Template name="account">
      <Field displayName="distinguishedName" name="distinguishedName" reviewRequired="true" type="string">
        <Script>
          <Source>return "CN=" + identity.getFullName() + ",CN=Users,DC=snorkelad,DC=localhost";</Source>
        </Script>
      </Field>
      <Field displayName="givenName" name="givenName" reviewRequired="true" type="string">
        <Script>
          <Source>return identity.getFirstname();</Source>
        </Script>
      </Field>
      <Field displayName="sn" name="sn" reviewRequired="true" type="string">
        <Script>
          <Source>return identity.getLastname();</Source>
        </Script>
      </Field>
      <Field displayName="sAMAccountName" name="sAMAccountName" reviewRequired="true" type="string">
        <Script>
          <Source>return identity.getFirstname().toLowerCase().charAt(0) + identity.getLastname().toLowerCase();</Source>
        </Script>
      </Field>
      <Field displayName="cn" name="cn" reviewRequired="true" type="string">
        <Script>
          <Source>return identity.getFullName();</Source>
        </Script>
      </Field>
      <Field displayName="mail" name="mail" reviewRequired="true" type="string">
        <Script>
          <Source>return identity.getFirstname().toLowerCase().charAt(0) + identity.getLastname().toLowerCase() + "@snorkelad.localhost";</Source>
        </Script>
      </Field>
      <Field displayName="password" name="password" reviewRequired="true" type="secret" value="secret"/>
      <Field displayName="homeMTA" name="homeMTA" reviewRequired="true" type="string" value="CN=Microsoft MTA,CN=SNORKEL,CN=Servers,CN=First Administrative Group,CN=Administrative Groups,CN=snorkel,CN=Microsoft Exchange,CN=Services,CN=Configuration,DC=snorkelad,DC=localhost"/>
      <Field displayName="homeMDB" name="homeMDB" reviewRequired="true" type="string" value="CN=Mailbox Store (SNORKEL),CN=First Storage Group,CN=InformationStore,CN=SNORKEL,CN=Servers,CN=First Administrative Group,CN=Administrative Groups,CN=snorkel,CN=Microsoft Exchange,CN=Services,CN=Configuration,DC=snorkelad,DC=localhost"/>
      <Field displayName="msExchHomeServerName" name="msExchHomeServerName" reviewRequired="true" type="string" value="/o=snorkel/ou=First Administrative Group/cn=Configuration/cn=Servers/cn=SNORKEL"/>
      <Field displayName="mailNickname" name="mailNickname" reviewRequired="true" type="string">
        <Script>
          <Source>return identity.getFirstname().toLowerCase().charAt(0) + identity.getLastname().toLowerCase();</Source>
        </Script>
      </Field>
      <Field displayName="proxyAddresses" name="proxyAddresses" reviewRequired="true" type="string">
        <Script>
          <Source>return "SMTP:" + identity.getFirstname().toLowerCase().charAt(0) + identity.getLastname().toLowerCase() + "@snorkelad.localhost";</Source>
        </Script>
      </Field>
      <Field displayName="legacyExchangeDN" name="legacyExchangeDN" reviewRequired="true" type="string">
        <Script>
          <Source>return "/o=snorkel/ou=First Administrative Group/cn=Recipients/cn=" + identity.getFirstname().toLowerCase().charAt(0) + identity.getLastname().toLowerCase();</Source>
        </Script>
      </Field>
      <Field displayName="textEncodedORAddress" name="textEncodedORAddress" reviewRequired="true" type="string">
        <Script>
          <Source>return "c=US;a= ;p=snorkel;o=Exchange;s=" + identity.getLastname() + ";g=" + identity.getFirstname() + ";";</Source>
        </Script>
      </Field>
      <Field displayName="mDBUseDefaults" name="mDBUseDefaults" reviewRequired="true" type="string" value="TRUE">
        <AllowedValues>
          <String>TRUE</String>
          <String>FALSE</String>
        </AllowedValues>
      </Field>
      <Field displayName="mDBStorageQuota" name="mDBStorageQuota" reviewRequired="true" type="int"/>
      <Field displayName="mDBOverQuotaLimit" name="mDBOverQuotaLimit" reviewRequired="true" type="int"/>
      <Field displayName="mDBOverHardQuotaLimit" name="mDBOverHardQuotaLimit" reviewRequired="true" type="int"/>
      <Field displayName="deletedItemFlags" name="deletedItemFlags" reviewRequired="true" type="int"/>
      <Field displayName="garbageCollPeriod" name="garbageCollPeriod" reviewRequired="true" type="int"/>
    </Template>
  </Templates>
</Application>
